0,0.2,1.17,1.14
0.011,1.04,0.26,1.18
0.03,1.91,-0.25,0.45
0.05,1.14,0.04,-2.33
0.06,1.45,-1.21,-6.68
0.07,0.58,-1.4,-7.86
0.08,-1.18,-0.92,-5.66
0.1,-1.96,1.23,-3.04
0.11,-2.83,2.06,-1.19
0.13,-2.34,2.77,1.59
0.15,2.48,-0.05,2.28
0.16,3.64,-0.76,2.47
0.17,3.53,-0.71,2.62
0.18,3.21,-0.96,2.53
0.2,1.05,0.68,1.95
0.21,-0.14,1.21,1.1
0.221,-1.16,1.14,0.78
0.231,-1.16,0.73,0.73
0.251,0.75,-2.23,-0.67
0.261,2.35,-2.42,-2.08
0.271,3.44,-1.19,-2.66
0.281,3.39,-0.13,-3.25
0.301,1.95,0.57,-3.18
0.311,3.63,1.63,-3.47
0.331,3.16,0.76,-3.92
0.351,-0.35,-4.63,-3.13
0.361,-1.97,-2.72,0.62
0.381,-1.71,-0.36,0.01
0.401,-1.72,-0.5,1.66
0.411,-1.14,0.34,1.55
0.421,-1.11,1.43,1.83
0.431,-2.67,2.88,3.9
0.443,-5.9,3.56,7.35
0.451,-8.03,1.4,10.49
0.461,-7.88,0.86,10.05
0.481,-1.23,3.64,-1.28
0.493,1.73,3.48,-1.33
0.502,4.52,2.43,2.27
0.512,5.4,2,1.7
0.532,2.51,-1.1,-1.14
0.552,-0.5,-1.84,-5.34
0.562,-0.92,0.27,-10.3
0.582,-1.81,2.84,-3.93
0.602,-0.35,0.29,6.09
0.612,1.82,-2.16,5.24
0.632,0.74,-0.9,-3.5
0.642,0.66,0.51,-5.75
0.652,0.3,0.73,-2.65
0.662,-0.07,0.52,1.19
0.682,0.7,0.82,0.99
0.702,-0.37,0.71,-0.55
0.712,-0.5,0.5,-0.88
0.726,-0.38,0.6,-1.25
0.732,0.07,0.35,-1.34
0.742,0.09,-0.79,-0.61
0.753,-1.01,-1.52,0.82
0.763,-1.42,-1.61,0.75
0.783,-0.53,0.38,1.11
0.793,-1.08,0.96,2.57
0.813,-0.57,0.98,2.41
0.826,1.48,0.05,-3.54
0.833,1.98,-0.69,-4.78
0.843,1.62,0.16,-1.62
0.853,1.33,0.81,0.66
0.863,0.33,1.6,1.81
0.883,-0.97,1.39,0.83
0.893,-0.37,-0.4,0.04
0.903,0.16,-1.74,-0.81
0.913,0.78,-1.5,-1.32
0.933,-0.6,-0.61,-0.17
0.943,-0.86,-0.44,-0.31
0.963,-0.76,3.32,-1.28
0.974,0.39,3.99,0.39
0.983,1.71,3.07,0.47
0.993,0.21,1.51,-0.21
1.004,-1.09,0.54,-1.07
1.013,-1,0.22,-1.85
1.024,-1.04,-0.58,-1.58
1.044,0.82,-3.61,2.34
1.064,0.29,-1.9,0.94
1.074,-0.05,0.56,-0.08
1.084,-0.28,0.84,0.62
1.094,-0.37,-0.27,1.33
1.104,0.11,-0.38,0.56
1.114,0.48,0.06,-0.45
1.125,0.35,0.24,-0.71
1.144,0.47,-0.34,-1.67
1.164,-2.72,-2.5,-1.96
1.174,1.67,-0.49,-2.04
1.184,0.57,-0.98,-2.78
1.194,-0.45,-0.19,-2.85
1.214,2.73,1.14,0.06
1.225,1.98,0.51,2.94
1.234,0.63,1.19,4.34
1.245,-1.44,1.88,4
1.264,-1.99,0.31,1.81
1.275,-0.04,0.15,0.16
1.285,0.86,0.5,-0.95
1.295,1.21,1.46,-0.98
1.315,0.46,0.64,0.77
1.325,-0.71,-0.82,-1.19
1.335,-0.02,-2.57,-2.76
1.345,0.26,-1.93,-4.84
1.355,2.64,-0.44,-1.92
1.365,3.17,0.86,0.75
1.375,1.32,1.34,1.06
1.385,0.13,1.71,0.14
1.395,0.83,2.02,-0.55
1.415,0,2.94,0.82
1.425,-0.61,4.97,1.59
1.435,-2.31,7.44,1.19
1.445,-4.24,8.39,1.09
1.465,1.88,4.22,-0.79
1.475,2.53,2.24,-1.32
1.485,2.88,0.31,-1.99
1.495,1.6,-1.52,-2.79
1.505,2.05,-3.22,-1.9
1.515,3.16,-4.13,0.62
1.525,3.62,-4.06,1.86
1.536,2.82,-5.01,0.89
1.545,2.02,-7.39,0.43
1.566,-3.96,-8.02,-0.9
1.576,-5.77,-8.14,-1.2
1.586,-2.31,-4.87,0.02
1.596,-0.63,-0.47,0.02
1.609,-1.39,2.22,-0.06
1.616,-1.58,2.44,-0.41
1.636,0.01,2.91,0.39
1.646,0.51,2.46,0.23
1.666,-0.41,0.25,0.77
1.678,-0.84,-0.01,1.93
1.686,0.67,-0.34,2.85
1.696,1.38,-0.73,1.69
1.716,2.44,-1.16,-1.87
1.726,1.22,-0.79,-1.98
1.736,-0.05,-0.99,-1.08
1.746,-1.09,-2.4,0.49
1.766,-0.95,-0.69,-1.95
1.776,-1.3,-0.14,-1.32
1.786,-1.16,0.42,-1.3
1.796,-1.59,0.66,-0.9
1.816,-1.7,2.54,0.47
1.827,-1.13,3.86,-0.51
1.847,-0.46,3.89,-1.03
1.859,-1.01,0.34,0.27
1.867,-3.35,-3.03,1.75
1.877,-3.56,-2.58,0.08
1.887,-2.11,0.57,-0.8
1.897,-0.69,3.87,1.56
1.917,-1.09,3.12,1.37
1.927,-2.16,-2.15,2.84
1.947,-0.87,-5.05,2.24
1.959,0.57,-2.74,4.32
1.967,1.62,0.48,4.21
1.977,1.97,1.09,-1.38
1.997,0.76,1.43,-8.43
2.009,1.95,2.91,-2.84
2.017,2.85,2.36,-2.24
2.027,1.47,-3.54,-1.43
2.047,-2.49,-6.9,-2.1
2.067,-2.52,-3.98,-6.37
2.077,-1.09,-2.62,-5.73
2.098,1.48,-2.83,-1.65
2.118,1.68,2.08,-4.41
2.128,3.39,3.25,0.07
2.148,4.42,2.46,0.77
2.158,4.54,4.8,2.24
2.168,2,5.45,3.32
2.178,1.95,4.68,4.27
2.198,-8.65,8.99,4.69
2.218,-0.26,0.88,3.39
2.228,2.69,-1.38,0.94
2.248,3.51,-4.09,-6.3
2.268,0.4,-3.17,-3.84
2.279,-3.51,-1.73,-3.13
2.298,-1.34,-1.07,-0.86
2.308,-2.49,-1.56,-0.23
2.318,-2.51,-1.66,0.13
2.328,-0.54,-1.78,0.23
2.349,-0.62,-1.04,-1.12
2.369,-2.7,0.43,-2.68
2.379,-1.77,-0.47,-2.43
2.399,-1.73,1.54,-0.83
2.419,-0.39,2.93,0.12
2.429,0.79,2.16,0.24
2.449,2.26,0.66,1.73
2.469,2.83,2.08,4.44
2.479,-0.48,2.17,5.92
2.499,6.74,1.25,5.11
2.519,4.51,1.46,1.13
2.529,5.04,1.22,-1.22
2.549,7.06,-0.45,-3.46
2.559,6.15,-1.28,-3.59
2.569,5.54,-2.36,-4.02
2.579,3.5,-3.67,-4.23
2.599,-4.08,-3.9,-5.46
2.61,-4.32,-0.74,-7.29
2.63,-3.81,2.48,-4.24
2.65,-7.92,4.68,-0.31
2.66,-2.85,1.04,2.08
2.68,1.98,-4.18,5.27
2.7,0.51,-2.62,4.34
2.71,-0.34,-0.44,2.08
2.73,0.47,0.17,-0.58
2.75,0.06,-0.11,-2.23
2.76,-0.39,-0.19,-2.84
2.77,0.98,-0.59,-3.03
2.78,0.82,-0.24,-2.38
2.8,0.33,0.55,0.31
2.81,0.42,0.89,1.22
2.82,-0.2,1.07,1.02
2.83,-0.5,0.84,0.64
2.85,-0.66,0.52,-0.21
2.86,-0.49,0.48,-0.13
2.881,-0.11,0.59,-0.44
2.901,0.5,-0.25,3.57
2.911,-0.04,0.06,2.41
2.931,-1.35,-1.33,-0.98
2.951,-0.51,-0.63,-2.27
2.961,-0.76,-0.58,-1.51
2.981,-0.32,-0.65,0
3.001,0.17,0.25,0.49
3.011,0.41,0.48,-0.45
3.031,1.1,0.24,0.36
3.051,0,0.54,0.7
3.061,-0.66,0.26,0.51
3.081,-1.26,-0.26,-0.39
3.101,-0.79,0.1,-0.54
3.111,0.16,0.35,-0.88
3.131,1.03,0.05,-0.14
3.142,0.52,0.34,-0.1
3.152,0.05,0.44,0.08
3.162,-0.19,0.43,0.15
3.182,1.18,-0.49,0.31
3.202,1.56,-0.34,-0.53
3.212,1.77,-0.43,-1.24
3.232,0.08,0.59,-2.29
3.252,-1.58,0.92,-0.2
3.262,-1.72,0.46,1.01
3.272,-1.48,-0.02,1.99
3.282,-1.05,-0.27,2.43
3.293,-0.54,0.02,2.02
3.312,0.49,2.96,-0.85
3.332,0.9,0.49,0.65
3.342,1.89,-0.38,-0.22
3.352,1.63,-1.44,-2.69
3.362,0.47,-0.93,-3.22
3.382,-0.69,-0.31,-0.45
3.393,-0.82,-0.32,0.51
3.412,-0.76,-0.79,0.45
3.433,-0.57,-1.04,-0.04
3.443,-0.69,-1.29,-0.24
3.453,-0.99,-1.36,-0.33
3.463,-1.28,-1.11,-0.31
3.483,-1.06,-0.51,-0.19
3.493,-0.58,-0.02,-0.18
3.513,0.1,0.3,-0.23
3.533,0.31,0.93,0.06
3.543,0.36,1.02,0.14
3.553,0.5,0.8,0.16
3.563,0.66,0.4,0.04
3.583,0.7,0.05,-0.26
3.593,0.56,0.11,-0.37
3.613,-0.09,0.44,-0.27
3.633,-0.81,0.54,0.08
3.643,-0.37,0.35,-0.16
3.663,-0.01,1.54,1.66
3.684,-0.2,-2.72,1.94
3.696,1.45,-0.92,0.51
3.714,1.75,-2.35,-3.84
3.727,0.39,-0.71,-1.62
3.734,1.57,0.35,-2.71
3.744,2.76,-0.17,-0.83
3.764,-3.77,1.57,2.14
3.784,-3.76,3.93,5.51
3.794,-0.37,1.79,3.43
3.814,1.2,-1.39,-3.57
3.834,1.92,-1.99,-2.41
3.844,1.77,-0.55,-0.56
3.864,0.71,-0.2,-0.97
3.884,-0.33,0.18,0.14
3.894,-0.59,0.58,1.02
3.914,-1.1,0.31,0.72
3.934,-0.06,-0.3,0.48
3.944,0.15,-0.58,0.56
3.965,1.46,-0.6,-1.26
3.985,0.25,0.43,-1.55
3.995,0.1,0.09,-0.79
4.015,-1.51,0.09,0.55
4.035,1.02,0.83,1.94
4.045,1.5,-0.1,1.27
4.065,-1.56,-0.17,-1.61
4.076,-1.08,-1.46,-0.01
4.085,0.16,-0.3,-0.11
4.095,1.34,0.25,-0.09
4.115,0.7,0.37,-0.04
4.126,0.41,-0.01,-0.5
4.145,0.14,-0.22,-0.71
4.165,0.94,-0.88,0.21
4.185,0.18,-0.83,0.48
4.195,0.07,0.21,-0.19
4.206,-0.27,1.03,-0.77
4.216,-0.41,0.97,-0.91
4.226,-0.4,0.35,-0.53
4.246,-0.71,0.25,0.48
4.266,-0.84,0.01,1.05
4.276,-0.6,-0.03,0.44
4.296,-0.06,-0.25,-0.57
4.31,0.41,-0.03,-0.29
4.316,0.79,0.68,-0.02
4.336,0.24,-0.49,0.11
4.346,0.71,-0.27,-0.23
4.366,1.22,0.13,-0.25
4.376,1.51,0.15,-0.44
4.396,1.66,-13.26,1.77
4.416,0.65,-10.3,-2.09
4.426,0.08,-6.95,-2.63
4.436,-1.84,3.03,-2.15
4.446,-4.84,12.15,-0.57
4.466,-3.86,13.78,2.1
4.477,-2.16,9.37,1.49
4.497,-1.04,3.13,0.78
4.517,-0.48,1.02,0.94
4.527,-0.52,1.4,0.8
4.547,0.77,0.15,0
4.567,1.58,-2.53,-1.24
4.577,1.9,-4.02,-1.28
4.597,1.8,-4.93,-1.19
4.617,-1.11,-1.69,-1.24
4.629,-1.29,-0.45,-1.37
4.647,-0.31,0.99,-1.17
4.667,0.5,0.91,-0.58
4.677,0.55,0.57,-0.2
4.697,0.15,0.12,0.15
4.717,-0.24,-0.04,0.23
4.727,-0.26,-0.26,0.28
4.748,-0.06,-0.4,0.27
4.768,0.08,0.16,0.02
4.778,0.1,0.47,-0.06
4.798,0.26,0.82,-0.26
4.818,0.12,0.56,-0.2
4.828,-0.07,0.45,-0.25
4.848,-0.23,0.04,-0.6
4.862,-0.1,0.04,-0.59
4.868,0.12,0.45,-0.79
4.878,0.56,0.69,-0.47
4.888,0.85,0.53,-0.16
4.898,0.75,0.24,-0.13
4.918,-0.03,-0.25,-0.81
4.928,-0.29,-0.59,-1.15
4.948,-0.38,-0.91,-1.95
4.96,0.04,-1.09,-1.87
4.968,0.68,-1.1,-1.56
4.978,1.26,-0.92,-1.3
4.989,1.67,-0.48,-1.09
4.998,1.8,0.03,-0.72
5.009,1.41,0.55,-0.32
5.019,0.78,0.86,0.37
5.029,0.38,0.53,1.11
5.049,-0.5,-0.33,0.82
5.06,-0.82,-0.31,0.18
5.079,-1.01,0.02,-0.2
5.099,-1.09,-0.13,-0.68
5.111,-0.81,-0.04,-1.04
5.119,-0.22,0.07,-0.9
5.129,0.06,0.2,-0.54
5.149,0.32,0.64,0.09
5.169,0.98,0.53,0.29
5.179,1.15,0.54,0.3
5.199,0.9,0.85,0.12
5.219,0.67,0.8,0.11
5.229,0.61,0.46,0
5.242,0.75,0.28,-0.17
5.249,0.86,0.09,-0.19
5.259,0.74,-0.08,-0.22
5.27,0.51,-0.25,-0.32
5.28,0.32,-0.47,-0.43
5.3,0.22,-0.99,-0.46
5.31,0.13,-1.14,-0.53
5.32,0.02,-1.08,-0.52
5.33,-0.02,-0.93,-0.38
5.35,-0.06,-0.49,-0.56
5.36,-0.18,-0.1,-0.46
5.38,0.86,0.4,0.15
5.391,0.9,0.47,0.31
5.41,0.56,0.4,0.4
5.43,0.32,0.16,0.62
5.45,0.29,-0.22,0.39
5.462,0.27,-0.24,0.11
5.48,0.29,-0.37,0.05
5.5,0.02,-0.52,-0.16
5.511,0.09,-0.59,-0.2
5.531,0.48,-0.08,-0.05
5.551,0.77,0.13,0.22
5.561,0.92,0.19,0.31
5.581,0.83,0.67,0.3
5.601,0.49,0.64,0.59
5.611,0.09,0.48,0.1
5.631,-0.23,0.24,-0.67
5.651,-0.31,1.25,-1.31
5.662,0.2,0.96,-0.62
5.681,0.12,1.17,-0.46
5.693,-0.2,1.59,-0.34
5.701,-0.18,1.61,-0.17
5.711,0.07,1.46,-0.21
5.731,0.09,0.38,-0.5
5.742,-0.1,-0.16,-0.32
5.751,-0.29,-0.43,0
5.761,-0.49,-0.7,0.4
5.781,-0.73,-0.98,0.66
5.802,-1.33,-0.51,0.05
5.812,-1.5,-0.21,-0.05
5.832,-1.08,-0.62,0.51
5.842,-0.71,-0.98,0.74
5.852,-0.47,-1.12,0.96
5.862,-0.37,-1.11,1
5.882,-0.52,-0.09,0.37
5.893,-0.47,0.44,0.14
5.912,-0.16,1.27,0.32
5.922,-0.02,1.53,0.29
5.932,0.06,1.61,0.37
5.943,0.21,1.44,0.55
5.962,0.69,0.89,0.88
5.982,0.95,0.92,0.75
6.002,0.89,1.02,0.33
6.012,0.87,1.07,0.17
6.026,0.83,1.01,0.07
6.032,0.72,0.87,0.07
6.043,0.55,0.75,0.15
6.063,0.13,0.62,0.32
6.083,-0.35,0.78,-0.27
6.093,-0.48,0.84,-0.41
6.103,-0.6,0.9,-0.51
6.113,-0.63,0.65,-0.57
6.133,-0.39,-0.37,0.02
6.143,-0.47,-0.57,0.3
6.153,-0.75,-0.47,0.39
6.163,-0.96,-0.26,0.41
6.183,-1.11,-0.14,0.01
6.203,-1.04,-0.82,0.17
6.213,-0.99,-1.09,0.3
6.233,-0.98,-1.09,0.41
6.243,-1.01,-0.99,0.67
6.253,-1.12,-0.71,0.95
6.263,-1.09,-0.53,1.47
6.283,-1.04,-0.6,1.88
6.293,-1.05,-0.68,1.81
6.303,-0.95,-0.68,1.6
6.313,-0.85,-0.59,1.58
6.334,-0.55,-0.16,1.33
6.344,-0.45,-0.01,1
6.364,-0.12,0.01,0.81
6.384,0.37,-0.4,0.98
6.394,0.58,-0.42,0.88
6.414,1.03,0.1,0.14
6.424,1.27,0.26,-0.47
6.434,1.31,0.66,-0.5
6.445,1.43,1.22,-0.06
6.464,2.36,-0.18,0.36
6.484,1.13,0.18,-0.24
6.494,0.41,0.35,-0.43
6.514,-0.56,1.07,-0.36
6.534,-0.95,0.62,-0.03
6.544,-1.15,0.12,0.2
6.554,-1.17,-0.44,0.53
6.564,-1.13,-1,0.7
6.585,-0.87,-1.7,0.49
6.595,-0.75,-1.63,0.32
6.615,-0.48,-0.68,-0.44
6.635,0.01,-0.57,-0.92
6.645,0.08,-0.53,-1.1
6.665,-0.04,-0.29,-1.66
6.675,-0.1,-0.37,-1.77
6.685,-0.18,-0.48,-1.82
6.695,-0.27,-0.53,-1.76
6.715,-0.61,-0.31,-1.47
6.725,-0.79,-0.2,-1.33
6.735,-0.88,-0.14,-1.23
6.745,-0.87,-0.06,-1.06
6.765,-0.85,0.01,-1.39
6.785,-0.53,0.06,-1.98
6.795,-0.26,-0.11,-1.78
6.806,0,-0.09,-1.44
6.815,0.34,-0.09,-0.94
6.835,0.74,0.15,-0.42
6.845,0.79,0.3,-0.27
6.862,0.99,0.31,-0.24
6.866,1.24,0.21,-0.33
6.886,0.94,0.03,-0.44
6.896,0.42,-0.05,-0.41
6.909,-0.06,-0.29,-0.51
6.916,-0.49,-0.05,-0.6
6.926,-0.6,0.29,-0.6
6.936,-0.35,0.38,-0.54
6.946,0.03,0.36,-0.55
6.966,0.26,0,-0.42
6.976,0.23,-0.17,-0.34
6.986,0.37,-0.33,-0.6
6.996,0.61,-0.44,-0.7
7.016,0.95,-0.5,-0.08
7.027,1.21,-0.61,0.1
7.046,1.39,-0.34,0.03
7.066,0.95,0.21,-0.28
7.077,0.83,0.28,-0.48
7.086,0.85,0.25,-0.89
7.096,0.77,0.07,-1
7.117,0.71,-0.08,-0.81
7.127,0.81,-0.18,-0.61
7.137,0.76,-0.09,-0.61
7.147,0.48,0.17,-0.64
7.167,0.15,0.25,-0.85
7.177,0.09,0,-1.01
7.187,0,-0.15,-1.06
7.197,0.04,-0.37,-1.07
7.217,0.15,-0.62,-1.18
7.227,0.06,-0.46,-1.33
7.247,0,-0.48,-1.24
7.267,0.08,-0.8,-1.36
7.277,0.09,-0.82,-1.54
7.297,-0.1,-0.41,-1.7
7.317,-0.14,-0.03,-1.86
7.329,-0.01,-0.02,-2
7.347,0.28,-0.21,-2.18
7.367,1.14,-0.42,-2.12
7.377,1.55,-0.32,-2.17
7.398,1.99,0.16,-2.37
7.411,2.14,0.28,-2.49
7.418,2.33,0.3,-2.64
7.428,2.37,0.28,-2.66
7.448,1.48,0.42,-2.05
7.468,0.16,0.92,-1.42
7.478,-0.42,1.35,-1.43
7.498,-1.01,2.51,-2.08
7.509,-0.98,2.82,-2.32
7.518,-0.92,2.87,-2.58
7.528,-0.98,3.03,-2.6
7.538,-1.11,3.25,-2.86
7.548,-1.25,3.22,-2.86
7.568,-1.58,2.99,-2.66
7.578,-1.63,2.69,-2.51
7.598,-1.3,1.26,-2.17
7.609,-1.17,0.17,-1.9
7.618,-1.14,-1.14,-1.51
7.628,-1.22,-2.34,-1.07
7.649,-1.4,-4.37,-0.24
7.659,-1.41,-4.92,0.2
7.679,-1.35,-4.31,0.69
7.689,-1.35,-3.49,0.85
7.699,-1.45,-2.78,0.96
7.719,-1.28,-2.98,1.33
7.729,-1.25,-3.61,1.5
7.739,-1.36,-4.14,1.58
7.749,-1.61,-4.33,1.71
7.759,-1.91,-4.01,1.64
7.769,-2.13,-2.88,1.14
7.779,-1.87,-1.09,0.31
7.799,-0.2,0.83,-1.34
7.809,0.67,0.65,-1.9
7.819,1.45,0.25,-2.45
7.829,1.96,-0.2,-2.78
7.843,2.38,-0.61,-2.79
7.849,2.67,-0.79,-2.67
7.86,2.79,-0.59,-2.4
7.879,2.62,0.71,-1.55
7.899,2.36,1.74,-0.95
7.91,2.27,1.93,-0.77
7.92,2.13,1.78,-0.47
7.93,1.88,1.24,-0.09
7.95,1.21,0.52,-0.12
7.96,0.69,0.93,-0.59
7.97,0.32,1.23,-0.92
7.98,0.16,0.98,-1.03
7.994,0.11,0.23,-1.11
8,0.03,-0.66,-1.22
8.01,-0.21,-1.45,-1.2
8.02,-0.61,-1.99,-1.07
8.03,-1.06,-2.03,-0.93
8.05,-1.72,-0.44,-0.85
8.06,-1.68,0.67,-0.88
8.08,-1.46,2.01,-0.81
8.091,-1.31,1.91,-0.64
8.1,-1.05,1.47,-0.37
8.111,-0.74,1.01,-0.06
8.13,-0.02,0.23,0.42
8.15,0.59,0.22,0.48
8.161,0.84,0.61,0.24
8.181,1.05,1.71,-0.33
8.193,0.9,1.99,-0.48
8.201,0.61,1.83,-0.44
8.211,0.44,1.06,-0.2
8.231,0.29,-1.51,0.09
8.251,-0.31,-3.49,0.05
8.261,-0.95,-3.58,0.01
8.281,-2.22,-1.88,-0.13
8.293,-2.37,-0.79,-0.27
8.301,-2.29,-0.08,-0.47
8.311,-2.36,0.33,-0.7
8.331,-2.35,0.81,-0.9
8.342,-1.95,0.98,-0.84
8.351,-1.29,1.06,-0.76
8.361,-0.65,1.1,-0.67
8.381,0.04,0.69,-0.29
8.394,0.26,0.43,-0.06
8.401,0.51,0.25,0.07
8.411,0.86,-0.15,0.21
8.431,1.7,-1.04,0.29
8.442,1.97,-0.75,-0.02
8.452,2.17,-0.24,-0.32
8.462,2.32,0.2,-0.44
8.472,2.42,0.49,-0.4
8.482,2.34,0.42,-0.11
8.502,1.23,-0.06,0.54
8.512,0.8,-0.29,0.62
8.522,0.64,-0.79,0.64
8.532,0.56,-1.17,0.42
8.552,0.15,0.21,-1.05
8.562,-0.09,1.52,-1.64
8.582,-0.2,3.21,-2.09
8.602,0.11,1.27,-1.94
8.612,0.02,-0.37,-1.52
8.622,-0.26,-1.58,-0.95
8.632,-0.63,-2.23,-0.26
8.652,-1.27,-1.85,0.76
8.662,-1.24,-0.96,0.7
8.682,-0.71,0.62,-0.2
8.693,-0.42,0.76,-0.61
8.703,-0.19,0.49,-0.89
8.713,0.08,-0.08,-1.02
8.728,0.37,-0.63,-1.07
8.733,0.54,-0.78,-1.08
8.753,0.58,-0.07,-0.97
8.763,0.79,-0.63,-0.72
8.776,0.9,-1.54,-0.28
8.783,0.87,-2.19,0.26
8.794,0.81,-2.13,0.7
8.813,0.75,-0.28,0.63
8.833,0.72,1.43,-0.04
8.843,0.8,2.04,-0.43
8.863,1.17,2.37,-0.91
8.883,1.88,1.55,-0.91
8.893,2.17,0.84,-0.76
8.913,1.87,-1.17,-0.03
8.928,1.43,-1.96,0.54
8.933,0.77,-2.23,1.06
8.944,-0.07,-1.85,1.34
8.963,-1.24,0.13,0.91
8.984,-1.24,1.21,0.1
8.993,-1.25,1.27,-0.3
9.004,-1.29,0.94,-0.53
9.014,-1.31,0,-0.61
9.034,-1.13,-2.25,-0.6
9.044,-1.12,-2.6,-0.75
9.064,-0.92,-1.04,-1.4
9.076,-0.66,0.25,-1.77
9.084,-0.38,1.37,-2.08
9.094,-0.04,1.98,-2.33
9.114,0.62,1.71,-2.5
9.134,0.79,1.26,-1.77
9.144,0.79,1.32,-1.22
9.164,0.95,0.86,0
9.184,0.81,-0.18,1.51
9.194,0.69,-0.58,2.07
9.214,0.27,-0.37,2.05
9.234,0.11,0.49,1.13
9.245,0.25,0.53,0.92
9.265,0.41,0.59,0.87
9.285,0.08,0.74,1.16
9.295,-0.05,0.71,1.34
9.315,-0.15,0.49,1.56
9.335,-0.04,0.95,0.89
9.345,0.09,1.41,0.34
9.365,0.62,1.39,-0.43
9.376,0.88,0.92,-0.61
9.385,0.98,0.56,-0.75
9.395,0.95,0.44,-0.87
9.415,0.86,0.76,-0.9
9.426,0.93,0.86,-0.83
9.435,1.03,0.87,-0.74
9.445,1.16,0.86,-0.74
9.455,1.31,0.69,-0.8
9.465,1.42,0.16,-0.8
9.476,1.4,-0.69,-0.75
9.485,1.14,-1.53,-0.66
9.496,0.71,-2.18,-0.6
9.516,-0.43,-2.2,-0.52
9.526,-0.74,-1.91,-0.48
9.536,-0.76,-1.83,-0.41
9.546,-0.63,-1.95,-0.34
9.556,-0.62,-2,-0.41
9.566,-0.65,-1.88,-0.72
9.586,-0.69,-2.07,-1.33
9.596,-0.72,-2.47,-1.48
9.609,-0.91,-2.84,-1.5
9.616,-1.34,-2.95,-1.32
9.636,-1.92,-2.38,-0.75
9.646,-1.74,-2.15,-0.28
9.666,-0.91,-1.49,0.3
9.678,-0.65,-1.21,0.29
9.686,-0.47,-1.13,0.13
9.696,-0.3,-1.02,-0.14
9.709,-0.14,-0.72,-0.47
9.716,0.02,-0.3,-0.73
9.726,0.18,0.13,-0.88
9.736,0.31,0.6,-0.87
9.746,0.37,1.2,-0.89
9.766,0.35,3.04,-1.62
9.777,0.43,3.79,-2.04
9.787,0.62,4.21,-2.34
9.797,0.91,4.23,-2.61
9.811,1.2,3.6,-2.8
9.817,1.4,2.33,-2.84
9.827,1.35,0.9,-2.65
9.847,0.81,-1.06,-2.1
9.867,0.83,-2.97,-1
9.877,0.82,-3.48,-0.5
9.897,0.3,-2.94,-0.75
9.917,-0.04,-0.4,-2.28
9.927,0.12,0.43,-2.89
9.947,0.18,1.37,-3.4
9.959,0.35,1.67,-3.52
9.967,0.71,2.12,-3.65
9.977,0.99,2.94,-3.77
9.997,1.34,4.59,-3.99
10.009,1.51,4.85,-4.03
10.017,1.72,4.3,-4.06
10.028,1.51,2.85,-4.04
10.048,0.58,-0.71,-3.1
10.068,-0.34,-2.44,-2.13
10.078,-0.3,-2.86,-1.82
10.098,0.31,-2.64,-2.21
10.118,0.51,-1.54,-3.24
10.128,0.31,-1.01,-3.54
10.148,-0.07,0.57,-3.98
10.158,-0.22,0.91,-4.05
10.168,-0.31,1.02,-4.02
10.179,0.16,0.52,-4.18
10.198,1.85,-2.05,-4.48
10.218,2.68,-2.46,-4.66
10.228,2.7,-1.56,-4.54
10.238,2.96,-0.61,-4.6
10.248,3.65,-0.36,-4.86
10.268,5.1,-1.52,-5.21
10.278,5.07,-1.86,-5.09
10.299,3.12,-1.9,-4.11
10.311,2.3,-1.92,-3.5
10.319,1.99,-2.3,-2.9
10.329,2.04,-3.12,-2.23
10.349,1.88,-4.1,-0.36
10.359,1.83,-3.4,0.12
10.369,1.68,-2.39,0.04
10.379,1.49,-1.7,-0.18
10.399,1.38,-2.2,1.24
10.409,0.86,-2.63,2.12
10.419,0.19,-2.77,2.96
10.429,-0.44,-2.6,3.68
10.449,-1.75,-1.22,3.44
10.461,-2.49,-0.3,2.46
10.469,-3.35,0.85,1.67
10.479,-4.11,2.02,1.54
10.495,-4.39,2.97,1.46
10.499,-3.9,3.78,1.06
10.519,-1.86,5.17,-0.15
10.529,-1.15,5.73,-0.69
10.55,-0.22,6.14,-1.44
10.56,0.15,6.03,-1.61
10.57,0.32,5.67,-1.63
10.58,0.32,5.17,-1.52
10.6,0.19,3.96,-1.12
10.61,0.11,2.94,-0.71
10.62,0.23,1.59,-0.47
10.63,0.43,0.08,-0.54
10.65,0.95,-3.18,-0.87
10.67,2.21,-7.11,-1.47
10.68,2.74,-8.31,-1.42
10.693,2.77,-8.35,-1.11
10.7,2.19,-6.53,-0.69
10.71,1.76,-3.7,-0.62
10.72,1.62,-1.45,-0.73
10.73,1.46,0.16,-0.82
10.75,1.21,1.67,-1.01
10.76,1.02,0.78,-0.75
10.78,-0.01,-2.6,0.42
10.8,-1.75,-1.86,0.21
10.811,-2.01,-0.45,-0.47
10.831,-1.28,1.31,-1.33
10.851,-0.81,2.45,-2.35
10.861,-0.77,2.13,-2.54
10.881,-1.08,-0.79,-1.76
10.901,-1.33,-3.8,0.02
10.911,-1.48,-4.25,0.7
10.931,-1.26,-2.3,0.77
10.944,-0.93,-1.32,0.5
10.951,-0.74,-0.26,0.04
10.962,-0.6,0.95,-0.66
10.981,-0.01,1.86,-1.57
10.994,0.39,0.36,-1.25
11.001,0.37,-1.94,-0.53
11.011,-0.18,-3.98,0.4
11.031,-2.04,-3.78,0.9
11.051,-2.23,0.27,0.07
11.061,-1.3,1.81,-0.38
11.081,0.25,3.95,-1.07
11.093,0.74,4.48,-1.03
11.102,0.92,4.62,-0.93
11.112,0.86,4.68,-1.09
11.132,1.16,4.83,-1.63
11.144,1.58,4.37,-1.48
11.152,1.94,3.55,-1.03
11.162,2.27,2.53,-0.62
11.182,2.71,1.32,-0.59
11.194,2.69,1.56,-1.04
11.202,2.57,1.92,-1.53
11.212,2.47,2.04,-1.92
11.232,2.11,1.43,-2.05
11.242,1.9,0.97,-2.04
11.252,1.78,0.3,-1.92
11.262,1.79,-1.25,-1.42
11.282,1.57,-7.26,0.98
11.302,-1.42,-3.37,0.41
11.312,-2.37,-0.69,-0.2
11.328,-2.73,0.51,-0.42
11.332,-2.85,0.76,-0.47
11.353,-0.71,-1.44,0.41
11.363,0.22,-3.04,0.68
11.383,0.72,-3.88,0.25
11.393,0.65,-3.32,-0.24
11.403,0.76,-2.78,-0.73
11.413,1.07,-2.8,-1
11.428,1.26,-2.87,-0.8
11.433,1.3,-2.6,-0.48
11.443,1.21,-2.39,-0.21
11.453,0.92,-1.81,-0.08
11.463,0.82,-0.45,-0.35
11.483,0.97,2.59,-1.55
11.493,1.01,3.8,-2.18
11.503,1.09,4.72,-2.71
11.513,1.23,5.24,-3.06
11.533,1.63,5.55,-3.62
11.543,1.69,5.7,-3.99
11.553,1.7,5.9,-4.21
11.563,1.79,6.01,-4.34
11.583,1.81,5.51,-4.06
11.593,1.49,4.78,-3.34
11.604,1.01,3.83,-2.38
11.614,0.59,3.16,-1.5
11.634,0.6,2.27,-0.23
11.644,0.85,1.82,0.72
11.654,1.35,1.6,1.36
11.664,1.71,1.56,0.86
11.684,1.74,0.87,-1.23
11.694,1.41,0.28,-2.39
11.714,-0.15,0.79,-3.86
11.734,-0.78,3,-4.3
11.744,-1.03,2.97,-3.63
11.754,-1.22,2.34,-2.48
11.764,-1.59,1.29,-1.01
11.784,-1.78,-2.89,2.94
11.794,-1.54,-5.73,4.46
11.814,-0.82,-9.75,4.52
11.829,-0.25,-10.13,3.59
11.834,-0.1,-9.55,2.86
11.845,-0.35,-9.77,3.53
11.865,-0.62,-15.82,9.41
11.885,-1.05,-24.87,17.03
11.895,-1.31,-29.26,19.2
11.915,-0.62,-30.11,15.53
11.925,-0.83,-23.82,10.87
11.935,-1.11,-18.01,8.37
11.945,-1.44,-14.19,7.89
11.965,-2.24,-10.05,10.58
11.976,-2.84,-8.47,12.08
11.985,-3.31,-6.06,11.66
11.995,-2.7,-2.16,8.14
12.015,-1.08,4.28,0.29
12.026,-0.4,6.33,-2.32
12.035,0.25,7.88,-4.15
12.045,0.47,8.54,-5.55
12.065,1.72,15.91,-28.09
12.076,2.94,22.88,-38.85
12.095,0.53,16.63,-11.23
12.115,-7.58,16.66,-14.9
12.126,-6.81,13.5,-25.17
12.135,-6.82,13.53,-29.93
12.146,-3.16,10.62,-12.98
12.156,-1.44,7.37,-5.68
12.166,-0.65,5.63,-5.84
12.176,-0.06,5.06,-6.34
12.186,0.39,4.44,-5.45
12.196,0.54,4.16,-4.2
12.216,-0.09,3.85,-3.26
12.227,-0.27,3.76,-3.16
12.236,-0.25,3.89,-3.58
12.246,-0.1,4.23,-4.68
12.262,-0.12,4.8,-5.89
12.266,-0.35,5.04,-6.46
12.286,-0.5,4.91,-5.87
12.296,-0.43,4.88,-5.78
12.316,-0.49,4.59,-5.46
12.326,-0.41,4.43,-5.46
12.336,-0.34,4.23,-5.63
12.346,-0.48,3.78,-5.57
12.362,-0.59,3.31,-5.5
12.366,-0.41,3.03,-5.48
12.376,-0.29,3.3,-5.79
12.387,-0.36,3.51,-6.17
12.396,-0.52,3.18,-6.4
12.417,-0.41,2.62,-6.38
12.427,-0.35,2.57,-6.59
12.437,-0.24,2.61,-6.88
12.447,-0.21,2.82,-7.08
12.467,-0.22,3.47,-7.39
12.477,-0.37,3.84,-7.56
12.497,-0.31,4.25,-8.35
12.517,-0.06,3.81,-8.6
12.527,-0.1,3.17,-8.14
12.537,0.01,2.19,-7.56
12.547,0.17,1.03,-6.81
12.567,-0.03,-1.79,-4.09
12.577,-1.39,-2.19,-1.32
12.587,-2.39,-1.46,0.28
12.597,-1.9,-0.84,1.54
12.617,-0.3,-2.9,9.04
12.627,0.01,-5.42,11.45
12.648,-2.51,-22.74,37.98
12.658,-4.04,-41.74,52.04
12.668,-14.6,-52.86,48.17
12.68,-29.92,-48.45,48.55
12.698,-14.83,-23.78,40.26
12.718,-3.77,-6.5,11.72
12.729,-1.48,-1.92,3.1
12.748,0.39,3.07,-4.13
12.768,2.1,2.5,-5.54
12.778,3.4,0.17,-5.51
12.798,7.23,-5.85,-7.66
12.818,6.19,-6.9,-7.99
12.828,2.65,-3.36,-7.82
12.848,0.79,1.48,-8.05
12.858,0.13,3.32,-7.43
12.868,-0.35,3.96,-6.63
12.879,-0.47,4.05,-6.04
12.898,-0.56,3.82,-5.36
12.918,-1.75,3.27,-5.54
12.929,-1.52,2.02,-4.04
12.949,-1.47,-0.56,-1.32
12.969,-2.9,0.06,-0.79
12.979,-3.48,1.16,-1.7
12.999,-3.16,2.7,-2.85
13.009,-2.72,2.73,-2.93
13.019,-2.44,2.56,-2.87
13.029,-2.39,2.35,-2.71
13.049,-2.52,1.67,-1.4
13.069,-2.46,0.16,-0.04
13.079,-2.6,-0.76,0.33
13.094,-2.62,-1.72,0.34
13.099,-2.74,-3.08,0.92
13.11,-2.85,-4.02,1.49
13.129,-2.72,-4.03,1.81
13.149,-2.55,-2.72,2.49
13.16,-2.44,-1.91,2.44
13.169,-2.11,-1.07,2.45
13.179,-1.84,-0.37,2.58
13.199,-1.41,0.74,2.89
13.21,-1.14,1.07,2.84
13.22,-0.82,1.22,2.87
13.23,-0.46,1.19,2.95
13.25,0.38,0.49,3.3
13.26,0.77,0.13,3.33
13.28,1.42,0.1,2.54
13.3,1.74,0.67,1.4
13.31,1.85,1.08,0.85
13.33,1.83,1.69,-0.05
13.35,1.74,1.92,-1.02
13.36,1.78,1.93,-1.55
13.38,1.91,1.79,-2.5
13.395,2.04,1.63,-2.91
13.4,2.12,1.52,-3.14
13.411,2.13,1.47,-3.25
13.43,1.69,1.41,-2.86
13.45,1.21,1.04,-1.89
13.461,1.06,0.79,-1.29
13.481,0.65,0.63,-0.39
13.501,0.2,0.68,-0.04
13.512,-0.01,0.59,-0.01
13.531,-0.19,-0.04,0.01
13.543,-0.23,-0.46,0.02
13.551,-0.2,-0.76,0.02
13.561,-0.14,-0.83,-0.04
13.581,0.05,-0.22,-0.53
13.601,0.25,0.04,-0.81
13.611,0.48,-0.52,-0.57
13.631,0.48,-1.13,0.49
13.651,0.36,-0.56,1.65
13.661,0.51,-0.48,2.04
13.681,0.77,-0.67,2.85
13.696,0.84,-0.75,2.98
13.701,0.94,-0.82,2.97
13.713,1.09,-0.86,2.99
13.732,1.26,-0.07,2.3
13.752,0.99,1.56,1.17
13.762,0.91,2.17,0.78
13.782,0.88,2.78,0.49
13.802,0.91,2.73,0.76
13.812,0.94,2.27,1.18
13.832,0.94,1.5,1.88
13.843,0.91,1.67,1.73
13.862,0.89,2.52,0.8
13.882,1.34,1.14,1.1
13.902,1.45,-2.5,1.99
13.912,1,-3.72,2.36
13.932,-0.2,-2.91,2.86
13.952,-0.67,0.38,2.25
13.962,-0.81,1.79,1.65
13.982,-0.88,3.54,0.32
13.993,-0.81,3.4,0.16
14.013,-0.54,0.73,1.71
14.028,-0.51,-0.55,2.5
14.033,-0.47,-1.57,3.41
14.053,-0.47,-1.34,4.01
14.063,-0.42,-0.27,3.26
14.083,-0.15,1.67,1.49
14.093,0.15,1.69,1.52
14.103,0.27,1.07,2.05
14.113,0.13,0.49,2.6
14.127,0.04,0.17,3.06
14.133,0.13,-0.09,3.55
14.143,0.23,0.07,3.5
14.153,0.28,1.09,2.49
14.163,0.3,2.36,1.28
14.183,0.47,4.12,-0.03
14.193,0.66,4.29,0.07
14.203,0.78,3.47,0.81
14.213,0.64,2.02,2.01
14.233,0.52,-0.96,4.65
14.244,0.56,-1.68,5.31
14.254,0.51,-1.5,5.16
14.264,0.46,-0.57,4.27
14.284,0.79,1.63,2.15
14.294,0.85,2.24,1.3
14.304,0.73,2.82,0.56
14.314,0.59,3.34,-0.01
14.334,0.53,3.7,-0.57
14.344,0.58,3.15,-0.59
14.354,0.75,1.96,-0.15
14.364,0.89,0.36,0.83
14.384,0.32,-2.19,3.2
14.394,-0.16,-2.75,4.31
14.404,-0.45,-2.77,5.22
14.414,-0.78,-2.08,5.24
14.434,-1.38,1.05,2.4
14.445,-1.41,2.17,1.27
14.464,-1.33,1.63,1.6
14.484,-1.26,-0.98,3.9
14.494,-1.11,-1.91,4.85
14.515,-1.04,-1.21,4.09
14.535,-0.66,0.49,2.43
14.545,-0.34,1.01,2.23
14.565,0.09,1.12,2.94
14.585,0.08,2.04,2.34
14.595,0.12,2.63,2.01
14.615,0.3,3.31,1.8
14.635,0.49,3.09,2.16
14.645,0.65,2.45,3.1
14.665,0.72,0.82,5.1
14.677,0.61,0.43,5.48
14.685,0.33,0.48,5.39
14.695,0.02,0.83,4.91
14.715,-0.39,2.16,3.43
14.728,-0.43,2.93,2.58
14.735,-0.39,3.52,1.88
14.745,-0.31,3.69,1.51
14.765,-0.29,2.4,2.43
14.776,-0.33,1.25,3.23
14.796,-0.58,-0.29,3.98
14.816,-0.86,0.19,2.9
14.826,-0.92,0.88,2.17
14.836,-1,1.43,1.67
14.846,-1.09,1.57,1.57
14.866,-1.1,0.6,2.33
14.878,-1.1,0.13,2.61
14.886,-1.04,0,2.53
14.896,-0.86,0.23,2.09
14.916,-0.55,1.48,0.73
14.926,-0.43,2.05,0.27
14.936,-0.21,2.06,0.22
14.946,0.05,1.34,0.66
14.966,0.15,-0.72,2.47
14.976,0.03,-1.63,3.61
14.996,-0.66,-2.54,5.39
15.012,-1.07,-2.4,5.9
15.016,-1.43,-1.79,5.97
15.037,-1.9,0.09,4.99
15.047,-1.97,0.93,4.42
15.067,-1.94,2,3.6
15.077,-1.92,2.17,3.43
15.087,-1.9,2.11,3.47
15.097,-1.88,1.9,3.66
15.117,-1.54,1.65,3.88
15.127,-1.14,1.94,3.43
15.137,-0.66,2.37,2.7
15.147,-0.19,2.77,1.95
15.167,0.67,3.07,0.99
15.177,1.05,2.97,0.81
15.187,1.51,2.77,0.77
15.197,1.96,2.48,0.93
15.217,2.76,1.7,1.72
15.227,3.01,1.29,2.27
15.247,2.87,0.88,3.03
15.26,2.57,0.86,3.22
15.267,2.22,0.9,3.29
15.278,1.88,0.99,3.28
15.297,1.28,1.22,3.25
15.318,1,1.28,3.24
15.328,0.8,1.08,3.16
15.348,0.15,0.42,3.41
15.368,-1.09,-0.37,3.87
15.378,-1.75,-0.48,4.01
15.398,-2.83,0.08,3.86
15.418,-3.39,1.04,3.5
15.428,-3.44,1.53,3.35
15.448,-3.39,2.07,3.17
15.468,-2.94,1.48,3.25
15.479,-2.57,0.79,3.24
15.498,-2.04,-0.79,3.06
15.511,-1.94,-1.43,2.78
15.518,-1.87,-1.84,2.36
15.529,-1.74,-1.99,1.86
15.548,-1.18,-1.84,1.02
15.56,-0.89,-1.69,0.68
15.569,-0.69,-1.45,0.42
15.579,-0.53,-1.15,0.22
15.589,-0.4,-0.91,0.11
15.599,-0.25,-0.83,0.09
15.609,-0.05,-0.9,0.16
15.629,0.38,-1.11,0.5
15.649,0.44,-0.25,0.83
15.659,0.35,0.44,0.81
15.669,0.29,1,0.73
15.679,0.29,1.34,0.7
15.699,0.41,1.44,0.87
15.709,0.48,1.38,0.98
15.719,0.53,1.42,1.04
15.729,0.61,1.55,1
15.739,0.7,1.7,0.93
15.749,0.81,1.87,0.84
15.759,0.96,1.99,0.82
15.769,1.13,1.93,0.91
15.779,1.28,1.66,1.13
15.799,1.11,0.81,1.71
15.819,0.65,0.24,1.98
15.83,0.46,0.35,1.8
15.843,0.34,0.83,1.46
15.85,0.25,1.45,1.09
15.86,0.14,1.93,0.84
15.87,0.06,2.13,0.71
15.88,0.03,1.92,0.74
15.9,0.12,0.36,1.21
15.91,0.06,-0.49,1.48
15.92,-0.14,-1.12,1.69
15.93,-0.49,-1.43,1.83
15.95,-1.37,-0.81,1.8
15.96,-1.72,-0.09,1.66
15.97,-1.95,0.68,1.48
15.98,-2.12,1.47,1.31
16,-2.42,3.04,1.06
16.01,-2.5,3.63,0.97
16.02,-2.55,3.95,0.96
16.03,-2.53,3.68,1.05
16.045,-2.28,2.55,1.37
16.05,-1.95,1.12,1.68
16.06,-1.7,-0.14,1.83
16.071,-1.42,-1.17,1.81
16.08,-1.13,-2.06,1.7
16.101,-0.66,-3.54,1.32
16.111,-0.39,-3.99,0.94
16.131,0.35,-3.87,-0.22
16.145,0.68,-3.36,-0.71
16.151,0.88,-2.66,-1.19
16.161,0.98,-1.93,-1.48
16.181,0.85,-1.29,-1.07
16.193,0.56,-1.14,-0.55
16.201,0.26,-0.79,-0.2
16.212,-0.03,-0.45,-0.04
16.231,0.01,-0.14,-0.54
16.251,0.34,-0.19,-1.67
16.261,0.62,-0.38,-1.68
16.281,1.03,-0.6,-1.61
16.293,1.25,-0.57,-1.67
16.301,1.24,-0.29,-1.8
16.311,1.09,0.2,-1.96
16.321,0.78,0.7,-2.02
16.331,0.55,1.04,-1.93
16.351,0.58,1.06,-1.23
16.362,0.69,0.85,-0.86
16.382,0.88,0.35,-0.2
16.393,0.9,0.22,0.09
16.402,0.92,0.15,0.25
16.412,0.98,0.08,0.29
16.422,1.07,-0.01,0.19
16.432,1.11,-0.1,0.07
16.452,1.12,-0.05,0.19
16.462,1.13,0.06,0.45
16.472,1.11,0.13,0.76
16.482,0.98,0.15,1.08
16.502,0.35,0.18,1.53
16.512,0.01,0.22,1.59
16.532,-0.88,0.47,1.38
16.543,-2.57,0.33,1.61
16.552,-3.53,-2.26,26.6
16.562,-0.55,-4.8,23.28
16.582,2.47,1.09,-9.96
16.592,0.57,6.11,-5.34
16.602,0.6,6.78,-0.82
16.613,0.6,4.83,0.36
16.632,2.22,-0.09,-5.78
16.643,1.77,-1.8,-5.34
16.653,1.8,-3.29,-4.61
16.664,1.47,-3.42,-3.93
16.683,0.27,-1.24,-0.66
16.693,1.02,-0.8,-1.21
16.703,1.61,-1.6,-3.11
16.713,2.21,-2.15,-1.88
16.733,-0.48,0.28,3.26
16.743,-0.97,1.23,4.07
16.753,0.15,1.58,2.66
16.763,2.16,-0.25,-0.19
16.783,0.41,1.82,-0.89
16.793,-3.69,3.86,1.15
16.803,-3.53,3.25,4.11
16.813,-0.65,1.3,4.06
16.833,-0.15,0.28,0.07
16.843,-0.36,-0.52,-1.44
16.853,-0.62,-0.88,-1.08
16.863,-0.98,-1.06,0.4
16.883,-0.58,-1.2,2.33
16.894,0.45,-0.69,0.95
16.904,1.21,-0.02,-1.33
16.914,1.82,0.24,-3.25
16.926,1.16,0.36,-3.69
16.934,-1.37,0.84,-2.49
16.944,-0.21,1.04,-0.88
16.954,1.63,1.05,0.23
16.964,2.65,-0.35,0.54
16.984,1.75,0.34,-0.05
16.994,1.33,0.89,-1.29
17.014,0.71,-0.24,-0.41
17.034,-1.49,0.75,0.17
17.044,-1.21,0.64,0.05
17.054,-0.54,-0.17,0.18
17.064,-0.35,-0.32,0.49
17.084,-0.28,2.14,0.51
17.095,-3.77,2.92,0.47
17.114,0.55,-2.23,-0.32
17.125,2.21,-4.97,-0.77
17.134,2.54,-2.83,-1.22
17.145,1.76,0.12,-0.98
17.165,1.78,2.03,0.75
17.185,0.95,2.78,1.16
17.195,-0.43,1.61,0.44
17.215,-1.27,0.63,-1.99
17.225,-2.13,-1.05,-1.74
17.235,-1.62,-1.72,-2.52
17.246,0.87,-0.47,-3.35
17.265,-2.5,10.27,-2.51
17.277,-4.68,3.58,-0.25
17.285,-1.6,-3.3,0.45
17.295,2.54,-9.11,1.12
17.315,8.17,-10.77,6.61
17.335,1.69,-1.49,5.39
17.345,-0.09,-1.12,1.57
17.365,-0.33,-5.83,-3.35
17.378,2.12,-2.82,-4.64
17.385,1.63,3.44,-3.32
17.395,-0.24,5.67,-5.25
17.416,-4.26,3.59,-3.94
17.436,0.75,1.37,-1.37
17.446,1.72,0.31,0.65
17.456,1.88,-0.14,1.13
17.466,1.48,-0.4,1.1
17.477,0.73,-0.61,1.23
17.496,0.02,-0.75,1.82
17.516,-0.99,-1.54,0.63
17.527,-1.04,-2.08,-0.06
17.536,-1.71,-1.84,0.53
17.546,-2.12,-0.66,1.25
17.566,-2.45,2.02,0.94
17.586,-1.31,1.26,-1.06
17.596,0.71,0.07,-1.64
17.616,3.93,-0.32,-1.85
17.636,1.73,1.58,-1.09
17.647,0.53,1.66,-0.38
17.666,-1.72,0.13,0.73
17.677,-2.11,-1.02,0.91
17.687,-2.2,-1.84,0.86
17.697,-1.93,-1.85,0.81
17.717,2.68,3.32,0.59
17.727,1.01,3.89,1.18
17.737,3.99,1.59,0.04
17.747,2.61,0.55,0.06
17.767,0.48,-0.53,-0.33
17.777,-0.89,-0.2,-0.29
17.797,-1.92,-0.24,-0.03
17.817,-0.04,-1.42,-1.56
17.828,-0.21,-1.67,-0.4
17.847,-0.91,-0.93,0.5
17.867,-0.86,0.29,1.51
17.877,0.32,1.05,0.98
17.897,1.85,3.24,3.12
17.917,0.67,0.54,1.48
17.929,-0.17,-0.82,-1.43
17.948,0.1,-0.96,-2.74
17.968,-0.89,0.39,-1.98
17.978,-1.03,0.47,-1.2
17.998,-0.5,-0.85,1.47
18.008,-0.52,-1.91,2.95
18.018,-1.88,-2.59,3.73
18.028,-2.19,-2.68,3.32
18.048,-0.82,-0.36,-0.36
18.068,-0.54,1.25,-3.04
18.078,-2.33,0.65,-3.32
18.098,1.52,-2.96,-1.24
18.118,4.45,0.62,1.37
18.128,3.38,2.42,1.67
18.148,-1.02,4.21,2.9
18.168,-0.06,-0.24,1.38
18.179,1.64,-1.67,-0.06
18.199,3.31,-1.43,-1.81
18.219,-0.15,0.12,0.35
18.229,-0.33,0.19,1.07
18.249,-3.68,0.99,0.45
18.269,-2.61,-0.31,0.65
18.279,-1.02,-0.66,-0.93
18.299,-2.25,-0.56,-2.17
18.319,0.85,-0.12,-1.5
18.329,1.74,0.44,-0.85
18.349,1.05,1.62,0.67
18.369,0.72,0.91,0.85
18.379,1.65,0.58,0.36
18.399,1.32,0.23,-0.67
18.419,2.38,-0.21,-0.08
18.429,1,0.52,0.69
18.449,-1.22,-0.33,2.22
18.47,-2.58,0.25,1.78
18.48,-2.67,0.22,0.65
18.5,-0.38,-1.64,-1.18
18.52,-0.58,-1.63,-1.81
18.53,0.12,-1.67,-1.21
18.55,0.66,-0.03,-0.61
18.56,0.29,0.75,-0.4
18.58,1.11,0.79,0.24
18.6,-0.16,0.83,1.23
18.611,-1.05,0.48,1.69
18.63,-1.22,1.24,0.67
18.65,-0.5,-0.9,0.82
18.661,2.53,-2.46,0.1
18.68,1.49,1.11,-0.94
18.7,1,1,-1.33
18.711,0.76,0.74,-1.31
18.721,0.92,0.64,-1.27
18.731,-0.62,1.33,-0.08
18.751,0.89,-2.29,3.17
18.761,2.59,-2.97,3.6
18.771,3.08,-2.39,1.5
18.781,2.7,-2.06,-1.75
18.792,1.86,-1.6,-4.28
18.811,0.55,0.21,-4.27
18.831,-0.34,2.66,-2.4
18.851,0.75,3.71,-1.21
18.862,1.54,2.7,-0.68
18.881,2.88,-0.41,0.54
18.901,2.52,-0.48,1.13
18.913,1.42,-0.29,0
18.931,0.53,0.09,-0.38
18.944,0.4,0.01,0.03
18.951,0.73,-0.28,0.79
18.962,1,-1.57,1.39
18.982,0.29,-1.23,0.73
19.002,-0.39,-1.16,2.73
19.012,0.32,-1.31,3.02
19.032,-0.06,0.15,1.26
19.052,0.04,-2.4,2.98
19.062,-0.76,-1.84,5.14
19.082,1.3,6.37,0.75
19.102,-3.25,1.99,-5.56
19.112,0.53,-3.98,-5.51
19.132,0.33,-4.6,9.91
19.152,-0.1,6.45,6.24
19.162,-2.5,9.13,-2.22
19.172,-2.97,6.81,-8.4
19.182,-3.02,1.7,-9.88
19.202,-2.35,-5.64,1.96
19.212,-1.96,-5.22,6.01
19.232,2.71,-1.79,-0.28
19.253,5.31,-2.19,-8.17
19.263,5.2,-0.6,-8.33
19.283,-3.99,7.47,-2.29
19.303,-4.19,2.42,5.48
19.313,-1.43,-3.64,4.51
19.333,1.81,-7.65,2.07
19.344,4.61,-5.78,1.27
19.363,7.27,-1.27,-3.33
19.376,6.19,0.1,-6.31
19.383,3.32,4.29,-7.6
19.394,-1.41,9.27,-6.8
19.413,-11.79,8.13,-1.33
19.433,-10.63,-3.66,2.79
19.444,-5.38,-9.82,4.24
19.463,-0.5,-2.8,8.58
19.477,1.05,2.09,5.35
19.483,5.14,0.8,0.85
19.494,9.79,-1.24,-0.27
19.514,9.85,1.61,-4.06
19.534,5.75,6.89,-3.59
19.544,5.19,7.89,-3.04
19.554,2.83,7.75,-3.74
19.564,-0.85,7.31,-3.92
19.584,-4.69,8.8,0.41
19.594,-8.35,8.8,2.26
19.614,-8.45,7.72,3.52
19.634,-7.86,4.21,6.94
19.645,-7.03,1.05,6.23
19.664,3.35,-13.04,1.94
19.684,5.22,-14.83,1.99
19.694,7.03,-9.58,4.86
19.714,7.21,-3.6,-9.69
19.734,2.64,-1.07,-0.33
19.744,-1.33,-1.99,1.31
19.764,-6.27,-5.46,-2.58
19.775,-6.11,-7.21,-3.5
19.795,-2.63,-6.89,2.57
19.815,-1.28,-3.9,4.6
19.825,-1.94,-1.57,3.53
19.835,-2.64,1.87,1.58
19.846,-2.21,3.64,0.25
19.865,1.45,2.42,4.48
19.885,-1.08,2.01,-0.81
19.895,-2.73,1.85,-3.23
19.915,-2.13,0.74,2.56
19.935,-0.68,3.06,3.35
19.945,-0.4,3.98,1.98
19.965,3.42,3.12,-0.48
19.985,2.32,3.23,-2.66
19.995,2.14,3.61,-3.06
20.015,1.06,2.87,-2.22
20.036,2.33,0.05,-1.03
20.045,2.44,0.16,-0.84
20.066,1.72,0.4,-0.95
20.086,1.79,-0.65,0.86
20.096,1.94,-0.59,1.89
20.116,0.48,0.61,2.33
20.126,0.56,0.86,2.44
20.136,1.82,0.87,2.79
20.146,2.13,0.09,2.41
20.166,1.6,-1.5,0.03
20.177,-0.43,-6.57,-0.29
20.196,-0.21,-0.66,0.55
20.216,0.99,1.89,0.54
20.227,2.43,2.21,0.61
20.246,2.16,2.8,-0.04
20.266,0.02,2.77,-0.93
20.277,0.39,1.2,-5.76
20.296,2.17,1.69,0.86
20.317,-0.81,-4.2,4.89
20.337,1.11,-2.21,1.43
20.347,0.36,2.58,2.82
20.367,1.2,3.02,3.39
20.379,0.14,2.53,3.82
20.397,0.16,0.07,-5.6
20.417,-4.17,0.39,-6.74
20.427,-3.82,0.62,-5
20.437,-1.95,2.09,-1.88
20.447,0.15,2.57,-0.49
20.467,1.32,1.79,1.04
20.477,-0.23,0.75,0.5
20.497,-5.11,0.53,-0.33
20.517,-3.93,-0.02,-1.11
20.529,-2.33,-0.05,-1.02
20.547,0.76,2.9,0.4
20.567,2.45,-1.12,0.5
20.578,1.82,-3.5,0.11
20.598,1.63,-2.57,-0.45
20.609,1.18,-0.41,0.54
20.618,0.52,1.22,0.69
20.629,-0.06,0.97,0.41
20.648,-1.7,-0.32,-1.26
20.668,-0.55,-0.35,-3.86
20.678,0.53,-0.12,-6.17
20.688,0.93,-0.45,-2.49
20.698,1.55,-0.58,0.56
20.718,2.2,-0.12,1.43
20.728,1.15,0.73,0.53
20.738,-0.67,1.22,-1.05
20.748,-2.4,1.23,-1.18
20.768,-1.74,0.53,-0.38
20.78,-0.55,-0.03,-0.61
20.798,0.87,-0.26,0.17
20.818,0.82,-0.07,0.27
20.829,0.26,-0.11,-0.12
20.849,-1.55,0.32,0.35
20.869,-1.19,0.27,-0.41
20.879,-0.41,0.11,-0.54
20.899,0.84,0.74,-0.76
20.919,0.16,0.18,-0.93
20.929,-0.7,0.07,0.22
20.949,-1.31,-0.13,0.82
20.969,-0.39,0,-0.01
20.979,-0.19,0.35,-0.34
20.999,0.1,0.04,-0.57
21.009,-0.06,0.18,-0.31
21.019,-0.2,0.29,-0.01
21.039,-0.9,-0.42,0.4
21.049,-0.57,-0.41,0.34
21.06,-0.37,0.1,0.12
21.07,-0.13,0.44,0.05
21.079,0.11,0.26,0.08
21.089,0.13,-0.04,0.02
21.1,0.39,-0.18,0.08
21.11,0.56,0.04,-0.08
21.12,0.51,0.3,-0.24
21.13,0.39,0.32,-0.31
21.15,-0.24,0.05,-0.39
21.161,-0.78,0.32,-0.11
21.17,-0.64,0.54,-0.04
21.18,-0.2,0.64,-0.33
21.19,0.04,0.56,-0.64
21.2,0.16,0.42,-0.74
21.21,0.24,0.26,-0.65
21.22,0.09,0.25,-0.59
21.23,-0.15,0.26,-0.48
21.25,-0.28,0.18,-0.24
21.26,-0.17,0.08,-0.3
21.27,-0.4,0.24,-0.36
21.28,-0.46,0.27,-0.35
21.293,-0.28,0.02,-0.46
21.3,-0.15,-0.07,-0.46
21.31,-0.11,-0.02,-0.21
21.32,-0.15,0.04,0.07
21.331,-0.11,-0.04,0.15
21.351,-0.22,0.05,-0.23
21.361,-0.5,0.27,-0.26
21.371,-0.43,0.26,-0.32
21.381,-0.39,0.18,-0.45
21.401,-0.28,0.36,-0.66
21.411,-0.18,0.33,-0.3
21.421,-0.25,0.01,0.1
21.431,-0.25,-0.19,-0.05
21.441,-0.11,0.02,-0.27
21.451,-0.1,0.34,-0.22
21.461,-0.32,0.32,-0.24
21.471,-0.45,0.36,-0.31
21.481,-0.28,0.5,-0.4
21.491,-0.16,0.42,-0.3
21.501,-0.11,0.23,-0.21
21.511,0.06,0.06,-0.15
21.521,0.33,-0.03,-0.31
21.531,0.53,-0.03,-0.4
21.541,0.49,0.13,-0.39
21.551,0.25,0.25,-0.31
21.561,-0.23,0.2,-0.26
21.572,-0.67,0.18,-0.29
21.582,-0.76,0.17,-0.11
21.592,-0.47,0.09,-0.15
21.602,-0.19,0.03,-0.25
21.612,0.11,0.18,-0.17
21.622,0.37,0.24,-0.25
21.642,0.29,-0.13,-0.2
21.652,0.04,-0.03,0.04
21.662,-0.24,0.04,0.01
21.682,-0.6,0.17,0.31
21.692,-0.52,0.12,0.41
21.702,-0.4,-0.21,0.24
21.712,-0.1,0.06,0.11
