0,0.35,0.99,0.15
0.01,0.52,0.98,0.33
0.033,0.84,0.85,0.4
0.053,1,0.71,0.01
0.065,0.98,0.68,-0.15
0.081,1.02,0.61,0.08
0.1,0.87,0.58,0.88
0.121,0.81,0.39,1.29
0.133,0.62,0.25,1.13
0.15,0.29,-0.18,0.45
0.17,0.18,-0.63,-0.05
0.182,0.17,-0.81,-0.22
0.2,0.47,-1.09,-0.35
0.22,0.85,-1.33,-0.52
0.232,0.86,-1.41,-0.6
0.251,0.65,-1.6,-0.56
0.271,0.05,-1.08,-0.09
0.282,-0.22,-0.96,-0.15
0.3,-0.52,-0.9,-0.59
0.321,-0.17,-0.9,-1.04
0.334,0.1,-0.83,-1.2
0.351,0.41,-0.46,-1.15
0.371,0.05,-0.11,-0.87
0.382,-0.42,0.01,-0.75
0.4,-0.72,0.14,-0.61
0.41,-0.95,0.28,-0.43
0.433,-1.1,0.59,0.12
0.45,-0.84,0.77,0.35
0.46,-0.55,0.76,0.29
0.482,0.18,0.64,0.03
0.5,0.18,0.7,-0.12
0.52,-0.2,0.96,0.05
0.53,-0.53,1.07,0.17
0.55,-0.9,1.28,0.27
0.57,-0.9,1.41,0.4
0.58,-0.76,1.44,0.42
0.601,-0.59,1.57,0.29
0.62,-0.46,1.59,0.09
0.633,-0.44,1.67,0.18
0.65,-0.5,1.74,0.66
0.67,-0.59,1.6,1.07
0.682,-0.54,1.49,1.18
0.7,-0.48,1.13,1.21
0.72,-0.43,0.54,0.98
0.731,-0.47,0.26,0.68
0.75,-0.6,-0.36,-0.09
0.77,-0.75,-0.82,-0.35
0.782,-0.64,-1.06,-0.31
0.8,-0.72,-1.46,-0.35
0.82,-0.56,-1.42,0.32
0.832,-0.32,-1.25,1.06
0.85,-0.03,-1.62,1.36
0.87,-0.23,-2.38,-0.52
0.882,-0.43,-2.53,-1.67
0.9,-0.09,-2.33,-2.75
0.91,0.19,-2.07,-2.55
0.931,0.79,-1.35,-1.3
0.95,1.02,-0.53,0.08
0.97,0.95,0.02,-0.01
0.984,0.82,0.2,-0.18
1,0.35,0.55,-0.82
1.02,0.06,1.05,-0.39
1.032,-0.06,1.24,-0.17
1.051,0.23,1.52,-0.07
1.07,0.55,1.69,-0.33
1.084,0.54,1.86,-0.16
1.1,0.4,2.12,-0.17
1.12,0.45,2.03,-0.01
1.132,0.34,2.08,0.19
1.151,0.21,2.07,0.64
1.17,0.36,1.64,0.61
1.185,0.29,1.41,0.22
1.2,0.04,1.16,-0.29
1.22,0.46,0.67,0.19
1.233,0.64,0.44,0.37
1.25,0.68,0,0.43
1.27,0.16,-0.18,0.68
1.282,-0.01,-0.35,0.55
1.3,0.03,-0.71,0.15
1.32,0.34,-1.07,-0.42
1.333,0.46,-1.33,-0.65
1.35,0.61,-1.79,-0.7
1.366,0.56,-1.76,-0.2
1.384,0.54,-1.37,0.95
1.402,0.18,-1.34,0.35
1.42,-0.31,-1.4,-1.31
1.434,-0.09,-1.56,-1.83
1.452,0.33,-1.18,-2.01
1.47,0.67,-0.8,-1.8
1.485,0.5,-0.59,-1.96
1.504,-0.17,-0.01,-1.85
1.52,-0.89,0.82,-0.85
1.54,-0.97,1.17,0.2
1.553,-0.56,1.24,0.27
1.572,0.3,1.17,-0.16
1.59,0.76,1.39,-0.49
1.61,0.64,1.65,-0.41
1.624,0.42,1.79,-0.29
1.64,-0.02,1.99,-0.24
1.661,-0.25,1.98,-0.03
1.684,-0.16,2.08,0.33
1.7,-0.05,1.98,0.29
1.717,0.02,1.84,0.22
1.732,0.05,1.4,0.07
1.75,-0.21,0.97,0.29
1.765,-0.3,0.8,0.5
1.784,-0.43,0.37,0.46
1.8,-0.35,-0.25,0.04
1.82,-0.2,-0.85,-0.81
1.836,-0.16,-1.06,-1.2
1.854,-0.21,-1.32,-1.48
1.872,0.08,-1.65,-0.62
1.887,0.31,-1.42,0.19
1.905,0.8,-1.35,0.7
1.922,0.75,-1.97,-1.16
1.93,0.76,-1.98,-1.11
1.953,0.28,-1.89,-3.31
1.97,0.44,-1.56,-2.4
1.98,0.56,-1.1,-1.16
2.002,0.93,-0.43,0.24
2.02,0.79,-0.19,-0.47
2.04,0.42,0.1,-1.4
2.05,0.33,0.37,-1.53
2.07,0.3,0.81,-1.24
2.079,0.39,0.94,-0.85
2.104,0.54,1.13,-0.59
2.12,0.5,1.42,-0.55
2.13,0.44,1.62,-0.47
2.157,0.51,1.89,-0.19
2.175,0.6,1.89,-0.11
2.19,0.72,1.81,0.11
2.21,0.51,1.68,0.21
2.227,0.49,1.52,0.24
2.247,0.5,1.05,0
2.264,0.41,0.54,-0.43
2.28,0.44,0.26,-0.38
2.296,0.36,0.16,-0.18
2.313,0.39,0.09,0.45
2.332,0.43,-0.07,0.47
2.34,0.35,-0.21,0.23
2.363,0.51,-0.49,-0.3
2.381,0.55,-0.82,-1.05
2.397,0.58,-0.96,-1.21
2.412,0.5,-1.22,-0.73
2.432,0.2,-0.61,0.95
2.451,0.14,-0.55,0.42
2.467,0.04,-0.65,-0.6
2.485,0.06,-0.92,-2.34
2.502,-0.11,-0.55,-2.07
2.52,0.09,-0.39,-1.61
2.535,0.09,-0.4,-1.79
2.555,-0.25,-0.19,-1.82
2.571,-0.56,0.48,-1.05
2.59,-0.53,1.07,-0.18
2.605,-0.34,1.17,0.03
2.623,0.12,1.01,0.09
2.641,0.28,0.83,-0.42
2.661,0.18,0.97,-0.36
2.678,-0.04,1.08,-0.43
2.695,-0.3,1.14,-0.32
2.71,-0.21,1.09,-0.06
2.727,-0.19,1.08,-0.05
2.745,-0.24,1.1,-0.03
2.75,-0.36,1.15,-0.02
2.773,-0.37,1.17,0.24
2.789,-0.44,1.15,0.49
2.804,-0.39,1.04,0.53
2.822,-0.24,0.69,0.38
2.842,-0.15,0.34,0.15
2.861,-0.07,-0.03,-0.24
2.88,-0.07,-0.42,-0.79
2.897,0,-0.53,-0.87
2.915,0.14,-0.76,-1.01
2.933,0.21,-1.1,-0.75
2.951,0.3,-1.05,0.51
2.971,0.23,-1.2,0.43
2.99,0.21,-1.86,-1.41
3.005,0.12,-1.86,-2.3
3.026,0.37,-1.38,-2.31
3.042,0.86,-0.58,-0.53
3.062,0.97,0.07,0.48
3.079,0.59,0.36,0.06
3.096,0.29,0.51,-0.47
3.112,0.01,0.84,-0.93
3.131,-0.1,1.24,-0.72
3.146,-0.06,1.33,-0.45
3.165,-0.11,1.53,-0.08
3.18,-0.07,1.75,-0.13
3.199,0.15,1.87,0.04
3.215,0.22,1.88,0.21
3.231,0.28,1.74,0.39
3.249,0.3,1.44,-0.04
3.265,0.26,1.33,-0.18
3.284,0.19,1.17,-0.36
3.301,0.18,0.93,-0.04
3.32,0.3,0.58,0.25
3.339,0.31,0.19,0.1
3.353,0.34,0,-0.02
3.373,0.42,-0.32,-0.05
3.393,0.5,-0.59,0.13
3.41,0.63,-0.97,0.04
3.425,0.56,-1.23,-0.31
3.445,0.61,-1.74,-0.7
3.463,0.15,-1.71,-0.21
3.482,-0.2,-1.21,0.07
3.502,-0.27,-1.31,-0.79
3.52,0.21,-1.73,-2.24
3.529,0.19,-1.74,-2.2
3.555,0.69,-1.53,-2.65
3.569,0.59,-0.88,-2.18
3.586,0.14,-0.47,-1.75
3.602,-0.93,0.24,-0.96
3.622,-1.69,0.87,-0.21
3.639,-1.59,1.25,0.05
3.649,-1.25,1.31,-0.13
3.672,-0.33,1.21,-0.26
3.695,0.36,1.23,-0.44
3.714,0.69,1.33,-0.81
3.73,0.19,1.57,-0.56
3.739,-0.17,1.59,-0.44
3.764,-0.81,1.74,-0.01
3.78,-1.02,1.72,0.14
3.799,-0.86,1.49,0.03
3.815,-0.72,1.32,-0.1
3.832,-0.46,0.89,-0.42
3.851,-0.62,0.8,-0.08
3.869,-0.87,0.71,0.31
3.885,-0.88,0.58,0.44
3.905,-0.72,0.06,0.16
3.923,-0.49,-0.51,-0.77
3.939,-0.3,-0.89,-1.12
3.955,-0.26,-0.99,-1.05
3.972,-0.21,-1.25,-0.5
3.989,0.02,-1.07,0.66
4.006,0.2,-1.04,0.78
4.021,0.31,-1.42,-0.5
4.046,0.13,-1.87,-2.69
4.061,-0.08,-1.46,-2.7
4.08,0.17,-0.77,-0.49
4.097,0.26,-0.45,0.41
4.116,0.29,-0.2,0.43
4.146,-0.15,0.08,-1.14
4.162,-0.18,0.57,-1.1
4.181,0.2,0.99,-0.5
4.196,0.42,1.11,-0.27
4.213,0.58,1.33,0.02
4.23,0.02,1.57,-0.03
4.249,-0.25,1.79,0.13
4.269,-0.49,1.95,0.1
4.285,-0.41,1.91,0.14
4.301,-0.29,1.71,0.21
4.32,-0.09,1.55,0.43
4.339,-0.06,1.27,0.16
4.354,0.02,1.04,0.08
4.371,0.19,0.75,-0.08
4.389,0.21,0.5,-0.23
4.405,0.29,0.39,-0.2
4.421,0.46,0.01,-0.13
4.436,0.5,-0.21,-0.15
4.453,0.61,-0.55,-0.38
4.471,0.45,-0.83,-0.65
4.487,0.4,-1.04,-0.83
4.504,0.25,-1.5,-1.01
4.522,-0.28,-1.53,0.21
4.54,-0.87,-0.7,0.94
4.556,-0.86,-0.95,0.4
4.574,-0.33,-1.46,-1.85
4.591,0.26,-1.42,-2.39
4.605,0.72,-1.42,-2.24
4.627,1.32,-1.15,-1.5
4.645,0.9,-0.95,-1.36
4.662,-0.01,-0.49,-1.91
4.681,-0.78,0.28,-1.49
4.696,-0.87,0.6,-1.07
4.715,-0.57,1.15,-0.11
4.732,-0.24,1.54,0.34
4.751,0.05,1.62,0.48
4.766,0.03,1.71,0.48
4.784,-0.31,1.81,0.4
4.801,-0.75,1.83,0.13
4.819,-0.87,1.72,-0.3
4.839,-1,1.82,-0.31
4.853,-1.11,1.9,-0.12
4.87,-1.15,1.9,0.41
4.889,-1.19,1.78,0.67
4.903,-1.13,1.57,0.54
4.92,-1.04,1.25,0.34
4.939,-0.97,0.91,0.2
4.955,-1.02,0.72,0.25
4.972,-1.1,0.42,0.23
4.989,-1.02,-0.16,-0.21
5.004,-1.1,-0.37,-0.58
5.021,-1.26,-1.08,-1.31
5.042,-1.16,-1.03,-0.42
5.06,-0.4,-1.39,-0.27
5.076,-0.16,-1.76,-0.97
5.095,0.1,-2.4,-3.4
5.11,-0.2,-2.11,-3.87
5.126,-0.29,-1.8,-2.91
5.145,-0.37,-1.37,-1.6
5.163,-0.96,-0.48,0.66
5.179,-0.97,-0.48,0.6
5.189,-1.11,-0.48,0.15
5.213,-1.1,-0.4,-1.08
5.231,-1.06,-0.16,-1.82
5.239,-0.92,0.01,-1.83
5.265,-0.78,0.49,-1.31
5.28,-0.58,1.08,-0.42
5.299,-0.82,1.55,0.18
5.313,-1.03,1.72,0.37
5.331,-1.19,1.75,0.07
5.35,-1.33,1.73,-0.62
5.369,-1.46,1.86,-0.6
5.389,-1.6,2.06,-0.18
5.399,-1.54,2.06,0.17
5.422,-1.34,1.87,0.6
5.429,-1.29,1.61,0.6
5.453,-1.22,1.12,0.31
5.47,-1.25,0.57,-0.24
5.489,-1.35,0.19,-0.62
5.504,-1.42,0.1,-0.48
5.522,-1.5,-0.12,0.01
5.539,-1.55,-0.59,-0.05
5.559,-1.4,-1.31,-0.7
5.575,-1.4,-1.74,-1.07
5.594,-1.63,-1.89,-0.94
5.61,-2.12,-1.83,-0.92
5.625,-2.17,-1.86,-1.39
5.645,-2.34,-1.83,-2.93
5.66,-2.48,-1.12,-3.01
5.679,-2.22,-0.43,-1.59
5.694,-2.31,-0.12,-0.8
5.711,-2.49,-0.1,-0.63
5.73,-2.93,-0.06,-1.65
5.745,-2.85,0.12,-2.04
5.762,-2.77,0.51,-1.97
5.78,-2.12,1.18,-1.35
5.799,-1.86,1.53,-0.21
5.816,-2.1,1.48,0.05
5.833,-2.11,1.51,0.04
5.85,-2.53,1.47,-0.56
5.866,-2.74,1.37,-0.95
5.883,-2.62,1.54,-1.1
5.899,-2.42,1.84,-0.8
5.916,-2.33,1.97,-0.55
5.932,-2.06,2.28,0.02
5.95,-1.64,2.24,0.34
5.969,-1.72,2.2,0.26
5.989,-1.51,2.04,0.21
6.003,-1.38,1.78,0.17
6.021,-0.76,1.05,-0.2
6.039,-0.2,0.28,-1.07
6.055,-0.02,0.04,-1.26
6.072,0.04,-0.49,-1.75
6.09,0.66,-1.26,-0.39
6.105,1.06,-1.18,0.8
6.122,0.7,-2.28,1.64
6.139,0.36,-3.81,-2.29
6.155,0.13,-4.57,-4.62
6.172,-0.47,-4.49,-5.41
6.192,-1.15,-3.68,-2.16
6.207,-1.06,-3.33,-0.84
6.224,-0.82,-2.71,0.28
6.24,-0.38,-2.48,-0.62
6.259,-0.06,-1.97,-1.41
6.273,0.2,-1.51,-0.85
6.293,0.38,-0.23,1.3
6.309,0.64,0.76,2.33
6.328,0.16,1.53,2.35
6.345,-0.22,1.88,2.07
6.363,-0.94,2.31,1.04
6.382,-1.08,2.32,0.12
6.402,-0.85,2.54,0.45
6.422,-0.52,2.66,0.93
6.439,-0.41,2.76,1.31
6.46,-0.45,2.45,1.47
6.476,-0.55,2.18,1.34
6.494,-0.72,1.32,0.73
6.512,-0.99,0.26,-0.23
6.53,-1.21,-0.46,-0.92
6.549,-0.62,-0.99,-0.42
6.566,-0.38,-0.81,-0.23
6.595,-1.32,-2.05,-1.48
6.612,-1.86,-2.55,-2.29
6.63,-2.2,-1.97,-1.11
6.65,-2.19,-1.42,-0.06
6.666,-1.9,-1.36,0.14
6.681,-1.67,-1.21,-0.72
6.702,-1.5,-1.49,-2.97
6.719,-1.44,-1.38,-1.52
6.729,-1.17,-0.73,-0.22
6.751,-1.11,-0.25,0.7
6.769,-0.62,0.32,1.33
6.779,-0.39,0.66,1.52
6.805,-0.23,1.26,1.56
6.822,-0.12,1.33,0.83
6.84,-0.48,1.39,0.16
6.848,-0.58,1.34,-0.03
6.873,-0.83,1.3,-0.2
6.889,-0.35,1.46,0.26
6.899,-0.14,1.59,0.38
6.921,-0.23,1.65,0.17
6.939,-0.36,1.62,0.29
6.948,-0.15,1.59,0.42
6.969,0.27,1.39,0.1
6.979,0.21,1.18,-0.34
7.004,-0.36,0.59,-0.59
7.023,-0.24,0.5,0.12
7.039,0.63,0.96,0.89
7.056,0.75,0.76,0.59
7.072,-0.18,-0.95,-1.47
7.096,-1.05,-2.38,-3.52
7.112,-0.43,-2,-3.18
7.13,0.88,-0.97,-1.52
7.149,0.65,-0.88,-0.76
7.169,0.21,-1,-0.76
7.185,0.13,-0.86,-0.76
7.202,0.3,-0.53,-0.7
7.22,0.52,-0.1,-0.54
7.239,0.81,0.43,0.02
7.26,0.64,0.71,0.23
7.276,0.26,0.74,0.11
7.295,-0.43,0.56,-0.36
7.31,-0.45,0.71,-0.61
7.328,-0.23,0.91,-0.85
7.343,-0.3,0.94,-0.8
7.361,-0.27,1.02,-0.57
7.375,0.02,1.01,-0.46
7.394,0.25,0.86,-0.87
7.409,-0.05,0.47,-1.2
7.429,-0.49,0.15,-1.26
7.445,-0.56,0.14,-1.26
7.465,-0.48,0.44,-0.89
7.48,-0.12,0.8,-0.04
7.498,0.08,0.8,0.34
7.513,-0.07,0.36,-0.12
7.53,-0.53,-0.44,-1.16
7.546,-0.54,-0.62,-1.49
7.561,-0.16,-0.18,-1.05
7.575,0.01,0.11,-0.62
7.595,0.12,0.45,0.06
7.613,0.15,0.5,0.3
7.632,0.2,0.26,-0.4
7.651,-0.05,-0.23,-1.13
7.668,-0.06,-0.42,-1.05
7.685,-0.08,-0.42,-0.96
7.702,-0.06,-0.2,-0.63
7.719,-0.59,-0.11,-0.68
7.735,-0.64,0,-0.66
7.751,-0.58,0.27,-0.32
7.771,-0.36,0.74,0.29
7.788,-0.49,0.93,0.53
7.802,-0.43,0.84,0.47
7.823,-0.06,0.84,0.06
7.846,0.11,0.66,-0.27
7.862,-0.12,0.51,-0.27
7.88,-0.22,0.31,0
7.894,-0.16,0.31,0.17
7.912,-0.09,0.33,0.35
7.928,-0.03,0.29,0.38
7.943,-0.09,0.29,0.54
7.959,-0.01,0.28,0.95
7.978,0.3,0.47,1.39
7.992,0.34,0.47,1.49
8.01,0.29,0.4,1.45
8.025,0.26,0.33,1.39
8.045,0.05,0.13,1.41
8.06,-0.32,0.14,1.64
8.078,-0.45,0.11,1.82
8.093,-0.44,0.14,1.88
8.111,0.04,0.36,2.07
8.128,0.41,0.58,2.24
8.146,0.42,0.52,2.32
8.163,0.61,0.46,2.5
8.179,0.68,0.3,2.53
8.195,0.64,0.21,2.32
8.211,0.42,0.04,1.92
8.225,0.35,-0.12,1.7
8.249,1.03,-0.51,1.64
8.266,1.1,-0.58,1.59
8.282,0.67,-0.95,1.15
8.3,-0.03,-1.04,0.7
8.308,-0.05,-1.04,0.69
8.332,0.08,-0.74,0.63
8.338,0.02,-0.74,0.61
8.364,0.93,-0.1,1.58
8.379,0.61,-0.17,1.65
8.389,0.07,-0.59,1.12
8.414,-0.82,-1.46,-0.25
8.432,-1.09,-1.63,-1.17
8.45,-0.99,-1.02,-0.75
8.471,-0.21,-0.12,0.33
8.488,0.47,0.53,1
8.498,0.48,0.64,1.17
8.522,-0.13,0.29,0.85
8.539,-0.75,0,0.29
8.548,-0.84,-0.03,0.15
8.57,-1.12,0.15,0.18
8.588,-1.04,0.56,0.71
8.603,-1.01,0.78,0.9
8.622,-1,1.06,0.79
8.639,-1,1.13,0.46
8.648,-1,1.09,0.3
8.672,-0.79,1.23,0.59
8.688,-0.43,1.39,1.3
8.708,-0.12,1.17,1.56
8.718,-0.02,1.05,1.5
8.745,-0.12,0.67,1.29
8.762,-0.4,0.35,1.29
8.779,-0.68,0.02,1.38
8.793,-0.63,-0.04,1.58
8.808,-0.27,0.11,2.03
8.829,-0.31,-0.02,2.02
8.845,-0.29,-0.17,1.83
8.864,-0.47,-0.45,1.27
8.882,-0.59,-0.56,1.24
8.899,-0.15,-0.34,1.62
8.918,0.14,0.03,2.37
8.932,0.09,0.13,2.72
8.95,0,-0.05,2.76
8.966,0.19,-0.34,2.33
8.983,0.28,-0.9,1.41
9.008,0.67,-1.49,0.36
9.024,0.72,-1.53,0.19
9.042,0.47,-1.34,0.3
9.048,0.4,-1.09,0.71
9.076,-0.01,-0.84,1.21
9.092,-0.61,-1.41,0.44
9.11,-1.06,-2.23,-1.12
9.125,-1.19,-2.34,-1.65
9.143,-1.23,-2.25,-1.77
9.159,-1.11,-1.35,-0.63
9.174,-0.89,-0.82,0.13
9.191,-0.3,0.24,1.24
9.209,0.43,0.92,1.33
9.224,0.72,1.07,1.12
9.244,0.92,0.8,0.28
9.259,0.77,0.38,-0.18
9.279,0.47,0.22,0.18
9.294,0.47,0.08,0.3
9.315,-0.02,-0.18,0.45
9.332,-0.5,-0.26,0.37
9.349,-0.77,-0.39,0.33
9.365,-0.57,-0.3,0.23
9.382,-0.37,0.11,0.58
9.4,-0.13,0.6,0.95
9.418,0.59,1.18,1.47
9.435,1.02,1.42,1.72
9.451,1.46,1.59,2.02
9.471,1.44,1.23,1.75
9.489,0.75,0.77,1.26
9.506,0.36,0.5,1.18
9.528,0,-0.01,0.91
9.544,-0.08,-0.09,0.79
9.561,0.09,-0.15,0.47
9.58,0.3,-0.03,0.37
9.598,0.58,0.18,0.59
9.615,0.65,0.31,0.7
9.634,0.89,0.56,0.97
9.65,0.81,0.61,0.81
9.668,0.27,0.41,0.33
9.682,-0.16,0.16,0.03
9.708,-0.63,0.01,-0.01
9.722,-0.61,0.15,0.11
9.74,-0.64,0.32,0.33
9.754,-0.62,0.42,0.52
9.77,-0.38,0.64,1.1
9.789,0.12,0.73,1.16
9.803,0.23,0.62,0.89
9.819,0.14,0.31,0.21
9.839,-0.27,0.39,0.34
9.855,-0.48,0.41,0.44
9.871,-0.75,0.22,0.36
9.888,-0.69,0.11,0.23
9.908,-0.82,-0.1,-0.01
9.918,-0.81,-0.11,0.09
9.941,-0.33,0.27,0.75
9.948,-0.21,0.34,0.92
9.974,-0.58,0.28,0.94
9.991,-1.06,-0.2,0.2
9.998,-1.11,-0.27,0.06
10.032,-0.23,0.37,0.39
10.055,0.15,0.33,0.35
10.072,0.62,0.46,0.76
10.094,0.52,0.4,0.51
10.112,0.06,0.23,0.42
10.13,-0.18,0.39,0.84
10.148,-0.04,0.16,1.09
10.164,0.1,-0.06,0.8
10.18,0.51,-0.2,0.29
10.198,0.78,0.1,0.14
10.218,0.42,0.19,0.05
10.234,0.38,0.3,0.27
10.251,0.52,0.54,0.34
10.268,0.71,0.95,0.59
10.283,0.74,0.93,0.19
10.301,0.8,0.66,-0.35
10.318,0.98,0.4,-0.28
10.338,0.64,0.21,-0.3
10.353,0.18,0.02,-0.24
10.371,-0.29,-0.38,-0.1
10.389,0.05,-0.42,0.16
10.404,0.39,-0.23,0.14
10.422,0.92,0.15,0.56
10.44,1.03,0.2,0.96
10.448,0.91,0.16,0.99
10.474,0.55,-0.14,1
10.49,0.46,-0.38,1.41
10.508,0.98,-0.49,1.34
10.528,0.93,-0.7,0.87
10.544,0.75,-0.79,0.48
10.561,0.6,-0.96,-0.18
10.578,0.47,-0.7,-0.18
10.594,0.41,-0.47,-0.06
10.61,0.7,0.13,0.86
10.629,1.13,0.69,1.54
10.643,1.17,0.78,1.49
10.658,1.03,0.7,0.79
10.678,1.14,0.8,0.37
10.695,1,0.76,0.37
10.713,0.35,0.61,0.5
10.732,-0.11,0.42,0.65
10.749,0.07,0.29,1.17
10.765,0.36,0.41,1.22
10.782,0.37,0.22,0.41
10.801,0.84,0.19,0.02
10.819,1.72,0.73,0.49
10.833,2.01,0.99,0.91
10.854,1.35,0.72,0.88
10.871,0.2,0.16,0.57
10.889,-0.25,-0.33,-0.32
10.905,-0.25,-0.17,-0.17
10.928,-0.51,0.13,-0.08
10.948,-1.11,-0.34,-0.04
10.964,-1.51,-0.4,-0.05
10.98,-1.19,-0.19,-0.05
10.999,-0.54,0.27,-0.16
11.013,-0.04,0.42,-0.32
11.031,0.7,0.43,-0.58
11.049,0.84,0.7,-0.3
11.065,0.63,0.81,-0.05
11.082,0.05,0.71,0.53
11.1,-0.66,0.21,0.31
11.115,-0.76,0.02,0.26
11.132,-1.13,-0.13,-0.05
11.151,-1.32,-0.32,0.03
11.171,-1.14,-0.18,0.42
11.189,-0.65,0.12,0.67
11.205,-0.38,0.46,0.64
11.221,-0.01,0.65,0.31
11.239,0.11,0.49,-0.12
11.255,0.01,0.47,-0.25
11.271,-0.03,0.32,-0.19
11.289,-0.25,0.05,-0.44
11.304,-0.25,-0.15,-0.48
11.322,-0.29,-0.07,-0.4
11.34,-0.37,0.23,0.1
11.358,-0.72,0.3,0.43
11.379,-0.72,0.39,0.69
11.397,-0.64,0.28,0.49
11.413,-0.67,0.31,0.47
11.43,-0.44,0.29,0.43
11.448,-0.22,0.25,0.37
11.462,-0.26,0.23,0.34
11.479,-0.36,0.13,0.25
11.488,-0.48,0.12,0.28
11.511,-0.79,0.04,0.66
11.517,-0.48,0.45,0.65
11.543,-0.19,0.48,0.33
11.56,-0.25,0.38,0.22
11.587,-0.58,0.27,-0.02
11.597,-0.88,0.27,0.12
11.619,-0.87,0.32,0.1
11.638,-0.93,0.48,0.37
11.647,-0.84,0.52,0.44
11.669,-0.49,0.61,0.05
11.687,-0.36,0.76,0.09
11.702,-0.43,0.78,0.23
11.719,-0.76,0.81,0.53
11.737,-0.61,0.6,0.39
11.747,-0.59,0.5,0.31
11.771,-0.37,0.55,0.27
11.79,-0.44,0.67,0.52
11.797,-0.48,0.64,0.66
11.823,-0.53,0.54,0.99
11.84,-0.47,0.22,0.63
11.847,-0.47,0.11,0.41
11.87,-0.67,-0.12,0.01
11.877,-0.75,-0.21,-0.2
11.904,-0.95,-0.27,0.07
11.92,-0.92,-0.08,0.08
11.939,-1.08,-0.17,0.35
11.959,-1.08,-0.4,0.58
11.978,-0.94,-0.7,0.2
11.997,-0.64,-0.99,-0.28
12.012,-0.57,-1.06,-0.24
12.031,-0.61,-0.96,-0.67
12.048,-0.72,-0.4,0.05
12.064,-0.83,-0.18,0.32
12.08,-0.77,0.06,0.83
12.1,-0.94,0.13,1.05
12.107,-1.03,0.12,0.82
12.134,-1.08,-0.19,0.33
12.15,-1.03,-0.32,-0.37
12.169,-0.81,-0.74,-0.77
12.189,-0.49,-0.36,-0.13
12.205,-0.36,-0.32,-0.19
12.223,-0.52,-0.23,-0.14
12.239,-0.39,0.01,0.47
12.253,-0.51,0.1,0.46
12.27,-0.68,0.05,0.31
12.289,-0.64,-0.05,-0.05
12.304,-0.67,-0.15,-0.15
12.321,-0.62,0,-0.1
12.339,-1.33,1.25,-0.46
12.354,-0.49,-0.53,0.11
12.372,-0.43,0.42,0.21
12.39,-0.61,0.62,0.22
12.408,-0.41,0.59,-0.13
12.422,-0.4,0.5,-0.3
12.448,-0.36,0.33,-0.36
12.463,-0.45,0.46,-0.02
12.481,-0.54,0.62,0.35
12.497,-0.5,0.47,0.54
12.514,-0.56,0.61,0.79
12.531,-0.58,0.35,0.32
12.55,-0.28,0.17,0.16
12.567,-0.08,-0.08,-0.09
12.582,-0.02,-0.06,-0.04
12.601,0.44,-0.05,0.02
12.631,0.77,0.19,0.41
12.651,0.52,0.21,0.36
12.668,0.25,0.01,-0.03
12.683,0.1,0.05,-0.02
12.701,0.01,0.29,0.54
12.717,0.02,0.62,0.77
12.74,0.05,0.39,0.7
12.757,0.17,0.14,0.63
12.771,0.27,0.16,0.69
12.787,0.61,0.26,0.94
12.807,0.83,0.03,0.31
12.822,0.85,-0.07,0.01
12.837,0.89,-0.08,-0.35
12.858,0.45,0.09,-0.75
12.872,0.27,0.21,-0.72
12.89,0.16,0.48,-0.61
12.905,0.13,0.5,-0.66
12.921,0.06,0.83,-1.14
12.939,0.07,1.31,-0.94
12.954,0.08,1.52,-0.52
12.971,-0.09,1.87,0.6
12.99,-0.27,2.03,1.05
13.008,-0.08,1.88,0.66
13.024,0.13,1.91,0.38
13.043,0.46,1.55,0.07
13.058,0.72,1.52,0.3
13.078,0.66,1.47,0.53
13.087,0.49,1.64,0.74
13.113,0.35,1.43,0.25
13.131,0.05,1.29,-0.56
13.147,0.08,1.29,-1.34
13.157,0.2,1.27,-1.69
13.18,0.57,0.98,-1.98
13.197,0.46,1.1,-0.99
13.207,0.27,1.13,-0.52
13.232,0.1,1.14,0.17
13.249,-0.08,0.76,-0.62
13.267,-0.03,0.44,-2.1
13.283,-0.03,0.45,-2.41
13.303,0.15,0.88,-1.81
13.318,0.87,0.65,-0.86
13.338,1.73,-0.46,-0.14
13.347,2.3,-1.6,0.26
13.37,3.41,-3.55,-0.28
13.388,2.65,-4.68,-0.39
13.397,1.98,-5.8,-0.65
13.424,0.86,-7.07,-3.5
13.441,-0.19,-7.34,-3.99
13.459,-0.39,-7.23,-3.62
13.477,1.02,-6.33,-2.84
13.494,1.34,-5.19,-1.82
13.51,1.23,-2.36,0.51
13.528,0.89,0.03,1.97
13.543,0.6,0.68,1.59
13.561,-0.32,1.22,-0.03
13.578,-0.53,1.72,-1.11
13.593,-0.32,1.98,-1.15
13.611,-0.26,2.98,-0.16
13.629,-0.55,3.61,0.92
13.648,-1.35,3.74,0.98
13.664,-1.59,3.82,0.59
13.681,-1.82,4.12,0.26
13.707,-1.48,3.96,-0.76
13.723,-1.16,3.81,-1.24
13.74,-0.68,3.67,-2.15
13.758,-0.16,3.85,-2.08
13.777,0.04,4.43,-1.31
13.791,0.26,4.59,-0.93
13.81,0.75,5.02,-0.43
13.828,1.03,5.13,-0.85
13.848,1.51,5.02,-1.23
13.865,1.6,5.01,-1.24
13.882,1.89,4.85,-0.85
13.898,2.98,3.7,-0.83
13.914,3.75,2.44,-0.87
13.93,4.66,-1.34,-2.52
13.95,4.98,-5.14,-3.2
13.968,2.32,-4.8,0.03
13.983,0.61,-5.39,0.87
14.002,-1.38,-7.99,-2.49
14.018,-2.82,-8.13,-3.39
14.037,-1.12,-8.22,-1.92
14.057,1.95,-7.39,-0.65
14.073,2.99,-6.13,-0.18
14.09,2.6,-3.29,0.13
14.108,1.33,-0.95,-0.48
14.124,0.43,-0.09,-1.21
14.147,-2.25,1.26,-2.44
14.167,-3.01,1.89,-2.33
14.19,-2.37,2.42,-1.6
14.207,-1.4,3.3,-0.9
14.223,-0.8,3.56,-0.73
14.241,0.13,3.46,-1.01
14.261,0.17,3.49,-1.34
14.28,-0.21,3.72,-0.77
14.299,-0.3,3.75,-0.28
14.317,-0.74,3.84,-0.12
14.333,-0.45,3.84,-0.22
14.35,0,3.79,-0.68
14.368,0.2,3.81,-0.91
14.382,0.21,3.95,-0.82
14.399,0.38,4.22,-0.5
14.414,0.5,4.3,-0.27
14.432,0.53,4.4,0.23
14.448,0.96,4.16,0.47
14.467,1.61,3.61,0.37
14.484,1.79,3.21,0.15
14.502,1.96,2.05,-1.15
14.518,2.81,0.17,-2.63
14.539,3.86,-2.03,-1.73
14.554,3.88,-2.78,-1.28
14.569,1.75,-4.62,-0.52
14.589,-0.11,-7.1,-3.22
14.603,0.43,-8.19,-4.18
14.62,2.26,-9,-4.77
14.643,4.46,-9.53,-4.27
14.658,5.24,-9.3,-3.91
14.677,4.3,-7.23,-2.29
14.688,3.36,-5.87,-1.61
14.711,2.15,-3.18,-0.42
14.728,0.6,-0.93,-0.38
14.747,-0.55,0.8,-0.04
14.768,-1.2,1.87,0.06
14.789,-1.47,2.27,-0.12
14.807,-0.58,2.28,-0.27
14.817,-0.27,2.38,-0.34
14.841,-0.18,2.56,-0.54
14.859,-0.24,3,-0.3
14.878,-0.65,3.59,0.49
14.897,-1.03,3.81,0.35
14.907,-1.17,3.7,-0.31
14.93,-1.26,3.47,-1.58
14.949,-0.87,3.06,-2
14.968,-0.1,2.86,-1.21
14.987,0.43,2.61,-0.44
15.007,0.78,2.4,-0.01
15.032,0.43,2.13,-0.5
15.058,-0.15,1.59,-1.58
15.067,-0.18,1.71,-1.02
15.098,0.04,1.93,1.07
15.117,0.28,1.65,0.94
15.134,0.39,1.35,0.4
15.152,0.57,0.91,-0.8
15.171,0.52,0.62,-1.68
15.19,0.55,0.61,-1.53
15.206,0.41,0.95,-0.64
15.222,0.29,1.17,-0.39
15.239,-0.03,1.49,0.02
15.257,-0.23,2.22,0.82
15.273,-0.17,2.46,1.04
15.297,-0.06,2.43,0.99
15.31,0.11,2.35,1.04
15.329,0.36,2.32,1.07
15.347,0.6,2.42,0.85
15.364,0.73,2.34,0.38
15.38,0.82,2.3,-0.63
15.399,0.61,2.33,-0.93
15.417,0.27,1.95,-0.94
15.433,0.27,1.39,-1.08
15.452,0.57,-0.16,-1.87
15.469,1.38,-2.22,-2.46
15.487,2.21,-3.44,-2.24
15.507,1.62,-2.97,-0.99
15.524,0.33,-2.86,-1.31
15.542,-0.01,-5.34,-4.54
15.558,-1.04,-5.81,-6.45
15.579,-1,-5.24,-5.07
15.598,0.25,-5.63,-4.56
15.616,1.57,-4.73,-3.17
15.632,1.43,-3.87,-2.1
15.65,0.44,-2.27,-0.58
15.67,-0.5,-1.14,-0.44
15.689,-1.53,-0.33,-0.98
15.707,-1.94,0.16,-1.43
15.724,-1.76,0.49,-1.49
15.742,-1.18,1.45,-1.18
15.762,-0.68,2.39,-0.83
15.78,-0.33,3.22,-0.5
15.796,0.04,3.48,-1.07
15.814,0.23,3.27,-1.69
15.831,0.08,3.18,-2.27
15.85,-0.16,3.43,-1.89
15.868,0.04,3.72,-0.85
15.886,0.72,3.57,-0.2
15.906,1.16,2.85,-0.58
15.926,1.13,2.07,-1.54
15.943,1.17,1.6,-1.91
15.961,1.24,0.9,-2.18
15.98,1.3,0.45,-1.85
15.996,1.23,0.09,-1.43
16.014,1.13,-0.08,-1.25
16.03,0.8,-0.31,-1.01
16.049,0.56,-0.38,-0.97
16.067,0.39,-0.51,-1.05
16.083,0.49,-0.64,-0.91
16.1,0.72,-0.61,-0.52
16.117,0.76,-0.9,-0.69
16.138,0.65,-0.72,-1.29
16.157,0.66,-0.87,-1.59
16.173,0.72,-0.66,-1.53
16.188,0.75,-0.11,-0.99
16.203,0.69,0.13,-0.64
16.218,0.77,0.96,0.34
16.238,0.6,1.04,0.31
16.247,0.61,1.06,0.2
16.269,0.41,0.99,-0.73
16.286,-0.09,1.74,-1.54
16.296,0.7,0.23,-0.7
16.32,1.59,0.43,0.06
16.34,0.84,0.67,-0.71
16.361,1.09,0.35,-0.24
16.38,0.84,0.63,0.43
16.399,0.74,1.08,0.91
16.418,0.51,1.18,0.8
16.437,-0.08,1.33,0.28
16.456,0.06,1.2,0.26
16.472,0.04,1.25,0.2
16.489,-0.15,1.33,0.2
16.496,-0.29,1.41,0.1
16.52,-0.66,1.24,0.15
16.539,-1.02,1.53,0.36
16.557,-0.87,1.2,-0.44
16.572,-0.29,0.79,-0.88
16.589,0.27,0.36,-1.15
16.607,0.49,0.17,-1.36
16.616,0.63,-0.04,-1.56
16.64,0.49,0.07,-0.91
16.657,-0.1,0.58,-0.06
16.673,-0.46,0.73,0.11
16.69,-0.96,0.52,0.13
16.707,-0.72,-0.02,-0.53
16.726,-0.51,-0.15,-0.93
16.746,-0.09,0.03,-0.65
16.769,-0.15,0.29,-0.34
16.787,-0.08,0.63,-0.15
16.803,-0.11,0.75,-0.06
16.819,-0.23,1.01,-0.07
16.836,-0.18,1,-0.37
16.85,-0.16,1.01,-0.46
16.868,0,1.27,-0.31
16.886,0.07,1.19,-0.31
16.903,0.12,0.83,-0.6
16.92,0.22,0.62,-0.5
16.936,0.1,0.49,-0.28
16.957,0.07,0.43,0.37
16.98,0.1,-0.09,0.05
16.997,0.32,-0.74,-0.57
17.013,0.49,-0.86,-0.65
17.029,0.13,-0.52,-0.11
17.046,-0.35,-0.25,0.89
17.061,-0.61,-0.29,1.01
17.078,-0.77,-0.52,0.54
17.093,-0.72,-0.74,-0.05
17.111,0.3,-0.88,-0.84
17.127,0.41,0.15,-1.17
17.144,0.32,0.59,-0.98
17.166,-0.15,0.87,-0.86
17.182,-0.51,1.05,-0.98
17.201,-1.01,1.23,-1.27
17.219,-0.74,1.56,-0.82
17.237,0.02,1.67,-0.26
17.252,0.49,1.65,-0.05
17.27,1.43,1.33,-0.17
17.289,2.31,1.11,-0.42
17.306,2.94,0.77,-0.48
17.32,3.05,0.65,-0.21
17.339,2.55,0.48,0.52
17.356,1.33,0.13,0.91
17.376,0.21,-1.15,-0.87
17.396,0.06,-2.13,-3.27
17.41,0.22,-2.42,-3.8
17.428,-0.27,-1.88,-3.82
17.447,0.05,-1.37,-2.25
17.466,-0.09,-0.61,-1.1
17.481,-0.13,-0.28,-0.85
17.5,-0.64,0.85,0.22
17.517,-1.22,1.72,1.3
17.536,-1.56,1.97,1.81
17.55,-1.62,1.96,1.91
17.572,-1.58,1.45,1.76
17.59,-1.2,0.25,0.69
17.606,-0.34,-0.68,-0.5
17.621,0.2,-0.79,-0.45
17.639,1.01,-1.07,0.06
17.657,1.26,-1.47,0.15
17.671,1.26,-1.54,0.08
17.688,0.7,-1.35,-0.77
17.7,0.43,-1.13,-1.19
17.719,-0.12,-0.71,-1.5
17.739,-0.71,0.22,-0.77
17.757,-0.57,0.97,-0.56
17.771,-0.35,1.45,-0.58
17.79,0.12,2.11,-1.02
17.807,0.8,2.43,-2.09
17.816,0.8,2.42,-2.03
17.84,0.9,2.79,-1.67
17.857,0.72,2.75,-1.29
17.866,0.7,2.71,-1.1
17.89,0.71,2.26,-0.79
17.907,0.53,2.02,-0.28
17.926,0.36,1.34,-0.11
17.936,0.46,0.74,0
17.964,0.77,-0.69,0.02
17.98,0.43,-1.97,-0.63
17.999,-0.35,-2.78,-1.53
18.016,-0.8,-2.61,-0.18
18.033,-0.77,-2.57,0.89
18.051,0.35,-2.95,0.86
18.068,3.35,-2.9,-0.76
18.086,4.6,-2.69,-2.82
18.106,4.26,-1.53,-3.31
18.122,3.42,-0.18,-2.85
18.139,1.61,1.82,-0.83
18.146,0.93,2.6,-0.06
18.177,0.2,3.23,-0.16
18.186,0.09,2.99,-0.6
18.212,-0.06,2.32,-0.87
18.229,-0.12,1.77,-0.64
18.248,-0.12,1.17,-0.94
18.256,0.19,0.88,-1.02
18.281,1.32,0.37,-1.21
18.299,1.78,-0.01,-1.41
18.317,1.48,-0.37,-2.01
18.336,0.64,-0.15,-1.75
18.351,0.19,-0.2,-1.69
18.37,-0.4,0.11,-2.04
18.389,-0.83,0.45,-1.62
18.406,-0.15,0.68,-0.28
18.421,0.15,0.57,-0.09
18.441,0.27,0.7,-0.27
18.459,0.2,0.81,-0.71
18.478,-0.12,0.73,-1.11
18.496,-0.3,0.43,-0.94
18.511,-0.45,0.59,-0.55
18.527,-0.51,0.55,-0.18
18.542,-0.34,0.53,-0.1
18.562,-0.03,0.71,-0.13
18.579,0.15,0.62,-0.65
18.598,0.25,0.67,-0.77
18.616,0,0.83,-0.66
18.631,-0.15,0.99,-0.59
18.649,-0.31,1.14,-0.52
18.686,-1,1.69,0.3
18.7,-1.2,1.83,0.83
18.72,-1.47,1.78,1.18
18.739,-1.62,1.37,0.72
18.756,-1.22,0.53,-0.14
18.772,-0.9,0.09,-0.46
18.787,-0.27,-0.33,-0.62
18.806,0.68,-1.02,-1.26
18.822,1.03,-1.28,-1.65
18.837,0.98,-0.98,-1.78
18.856,0.26,-0.22,-1.39
18.873,-0.13,0.31,-1.09
18.89,-0.63,1.31,-0.29
18.906,-0.65,1.79,0.16
18.922,-0.53,1.84,0.24
18.939,-0.24,1.7,0.37
18.953,-0.03,1.51,0.52
18.971,0.26,1.34,0.16
18.99,0.32,1.03,-0.85
19.006,0.04,0.75,-1.9
19.022,0,0.79,-2.14
19.039,0.14,0.98,-1.15
19.057,0.56,0.82,-0.31
19.078,0.5,0.27,-0.01
19.092,0.24,0.23,0.05
19.108,-0.23,-0.15,-0.44
19.13,-0.39,-0.46,-0.51
19.148,-0.42,-0.93,-0.49
19.166,-0.18,-1.44,-0.57
19.181,-0.02,-1.68,-0.89
19.197,0.42,-2.18,-1.4
19.216,0.39,-2.26,-1.44
19.231,0.36,-2.22,-1.29
19.249,0.57,-1.85,-1.05
19.266,0.79,-1.26,-0.98
19.286,0.88,-0.5,-0.68
19.302,0.75,-0.17,-0.58
19.322,0.38,0.48,-0.46
19.339,-0.15,0.96,-0.24
19.356,-0.27,1.08,0.08
19.372,-0.18,0.95,0.06
19.387,-0.04,0.81,0.3
19.402,0.04,0.9,0.72
19.419,0.2,1.05,0.88
19.436,0.61,1,0.84
19.456,0.95,0.98,0.64
19.476,0.87,0.75,0.21
19.486,0.77,0.74,0.11
19.507,0.41,0.73,0.09
19.516,0.26,0.43,-0.02
19.54,0.48,0.11,-0.33
19.556,0.84,-0.21,-0.67
19.566,1.07,-0.42,-0.98
19.589,1.81,-0.47,-0.89
19.607,1.9,-0.33,-1.01
19.616,1.92,-0.37,-1.05
19.64,1.36,0.11,-0.51
19.646,0.96,0.27,-0.26
19.673,0.12,0.56,-0.08
19.691,-0.14,0.77,-0.13
19.71,0,0.92,-0.14
19.726,0.33,1.01,0.11
19.743,0.33,0.88,-0.01
19.761,0.44,0.66,-0.35
19.776,0.5,0.5,-0.64
19.791,0.59,0.65,-0.48
19.819,0.37,1.13,-0.04
19.838,0.22,1.18,0
19.845,0.01,1.2,-0.17
19.87,-0.27,0.99,-0.76
19.888,-0.51,1.27,-0.55
19.906,-0.41,1.08,-0.26
19.928,-0.17,0.45,-0.81
19.947,0.23,0.45,-0.62
19.961,0.1,0.44,-0.6
19.98,0.44,0.02,-0.55
19.996,0.77,-0.18,-0.43
20.016,0.57,-0.1,-0.28
20.038,0.31,-0.35,-0.78
20.056,-0.18,-0.92,-1.54
20.072,-0.68,-0.99,-2.12
20.09,-1.21,-0.81,-2.4
20.107,-1.12,-0.56,-1.89
20.128,-0.19,-0.39,-1.18
20.144,0.27,-0.38,-1.38
20.161,0.27,0.14,-1.08
20.178,-0.07,0.66,-0.55
20.196,-0.27,0.53,-0.46
20.209,-0.3,0.61,-0.33
20.228,-0.8,0.73,-0.1
20.242,-1.12,0.9,0.14
20.261,-1.46,0.8,0.29
20.277,-1.54,0.63,0.11
20.296,-1.51,0.39,-0.07
20.315,-1.41,0.34,-0.18
20.335,-1.39,0.2,-0.26
20.351,-1.38,0.19,-0.07
20.369,-1.25,0.22,0.38
20.385,-1.22,0.38,0.87
20.405,-1.43,0.61,1.06
20.419,-1.54,0.6,0.91
20.437,-1.55,0.3,0.63
20.451,-1.4,0.17,0.32
20.469,-1.36,0.14,-0.26
20.486,-0.77,0.08,0.04
20.505,-0.49,0.21,0.34
20.522,-0.44,0.11,-0.02
20.539,-0.88,-0.28,-0.97
20.555,-1.78,-0.48,-2.03
20.569,-2.18,-0.34,-1.94
20.588,-2.73,0.06,-0.93
20.606,-2.84,0.38,0.08
20.622,-3.03,1,-0.26
20.639,-2.62,0.27,0.03
20.657,-2.38,-0.03,-0.45
20.672,-2.05,-0.07,-0.57
20.689,-1.04,-0.49,-0.95
20.706,-0.87,-0.49,-1.25
20.725,-1.21,-0.44,-1.2
20.741,-1.46,-0.38,-0.97
20.758,-2.02,-0.42,-0.97
20.776,-2.28,-0.35,-0.69
20.789,-2.4,-0.3,-0.57
20.808,-2.56,-0.3,-0.44
20.826,-2.34,-0.3,-0.36
20.842,-2.36,-0.33,-0.62
20.859,-2.29,-0.4,-0.79
20.876,-2.49,-0.36,-0.48
20.89,-2.53,-0.34,-0.54
20.906,-2.22,-0.71,-1.27
20.922,-2.02,-0.8,-1.44
20.946,-2.11,-0.83,-2.02
20.963,-2.48,0.04,-2.2
20.98,-3.33,0.62,-1.34
20.998,-3.5,0.68,-0.89
21.017,-3.81,0.59,0.05
21.025,-3.83,0.58,0.29
21.049,-3.86,0.34,0.05
21.066,-3.32,0.03,-0.58
21.075,-2.86,-0.1,-0.81
21.097,-2.22,-0.13,-0.95
21.116,-1.54,-0.06,-0.52
21.125,-1.45,-0.13,-0.44
21.15,-1.37,-0.07,-0.58
21.167,-1.28,-0.01,-0.51
21.185,-0.99,-0.11,-0.48
21.195,-0.82,-0.28,-0.54
21.219,-0.51,-0.83,-1.27
21.236,-0.58,-1.03,-2.09
21.256,-0.61,-0.68,-1.92
21.265,-0.73,-0.5,-1.6
21.287,-1.01,0.04,-0.69
21.305,-1.12,0.49,-0.6
21.322,-1.1,0.7,-0.43
21.338,-0.65,0.9,-0.13
21.356,-0.18,0.76,0.53
21.365,-0.15,0.71,0.8
21.39,-0.39,0.52,0.57
21.407,-0.21,0.21,0.14
21.425,0.04,0.06,-0.13
21.439,0.09,0.04,-0.02
21.461,0.02,0.06,0.77
21.479,-0.41,-0.14,1.08
21.498,-0.75,-0.29,0.55
21.516,-0.9,-0.35,-0.39
21.532,-0.63,-0.35,-0.38
21.549,0.03,-0.29,-0.49
21.566,0.83,0.03,-0.38
21.582,1.32,0.15,-0.21
21.599,1.31,0.33,-0.46
21.617,0.59,0.36,-0.54
21.631,0.46,0.36,-0.75
21.649,1.04,0.41,-1.1
21.665,1.69,0.58,-1.27
21.681,1.77,0.79,-1.44
21.697,1.84,0.96,-2.23
21.715,1,0.32,-3.05
21.73,0.45,0.6,-3.26
21.746,-0.9,1.5,-2.51
21.762,-2.04,1.29,-1.18
21.781,-2.14,1.34,0.4
21.798,-1.29,0.5,0.9
21.817,-0.51,-0.24,0.64
21.833,0.19,-0.65,0.19
21.851,1.28,-1.43,-0.82
21.868,2.75,-1.7,-1.46
21.89,3.96,-1.33,-1.19
21.907,4.48,-0.76,-0.28
21.922,4.51,-0.39,0.25
21.941,4.05,-0.14,0.42
21.958,3.75,0.16,-0.08
21.976,2.75,0.32,-0.83
21.997,1.43,0.1,-1.43
22.017,0.91,-0.11,-1.13
22.035,0.2,-0.16,-0.98
22.052,-0.17,-0.12,-0.48
22.071,0.52,0.08,0.46
22.089,2.04,-0.01,-0.34
22.107,3.75,-0.18,-1.86
22.131,2.96,-0.28,-2.07
22.149,2.45,1.05,-0.98
22.168,1.52,1.18,-0.07
22.189,1.7,0.92,0.2
22.208,1.99,0.4,-0.98
22.231,2.15,-0.05,-2.4
22.248,1.88,-0.26,-2.91
22.267,1.2,0.23,-2.04
22.285,1.21,0.54,-0.85
22.306,1.59,0.31,-0.54
22.322,1.85,0.06,-0.62
22.34,2.2,-0.52,-1.41
22.357,2.53,-0.85,-1.78
22.376,2.97,-0.63,-0.95
22.392,3.06,-0.35,-0.44
22.412,3.31,0.34,0.68
22.429,3.28,0.37,0.56
22.448,3.48,0.18,-0.28
22.466,3.26,0.06,-0.99
22.481,2.99,0.15,-0.94
22.497,2.38,0.54,-0.12
22.517,2.12,0.91,0.87
22.533,2.2,0.88,1.01
22.55,2.89,0.33,0.09
22.568,3.09,0.13,-0.66
22.583,3.19,-0.33,-2.35
22.6,2.73,-0.48,-3.12
22.619,2.29,-0.32,-2.82
22.638,1.18,0.14,-1.54
22.657,0.49,0.58,-0.11
22.665,0.51,0.55,0.2
22.69,1.37,0.44,0.32
22.707,2.56,0.11,-0.72
22.715,3.06,-0.13,-1.42
22.74,3.55,-0.33,-2.12
22.757,3.07,-0.25,-1.43
22.765,2.65,-0.07,-0.91
22.791,1.93,0,-0.2
22.805,2.1,-0.13,-0.1
22.826,2.75,-0.15,-0.2
22.845,3.51,-0.25,-0.89
22.862,3.39,-0.07,-1.07
22.879,2.65,0.17,-0.69
22.898,1.3,0.45,0.17
22.917,0.27,0.5,0.72
22.935,0.17,0.41,0.66
22.952,0.4,0.27,0.51
22.968,0.97,-0.07,0.06
22.988,1.7,-0.39,-0.22
23.006,2.46,-0.77,-0.62
23.022,2.67,-0.87,-0.96
23.041,2.6,-0.6,-0.9
23.059,1.67,-0.1,-0.15
23.077,1.19,0.14,0.65
23.095,1.38,0.23,0.38
23.112,1.57,0.3,0.01
23.128,2.11,0.5,-0.28
23.156,2.38,0.4,-0.36
23.171,2.27,0.51,-0.2
23.189,1.41,0.49,-0.1
23.206,1.58,0.36,0.05
23.222,1.58,0.34,0.17
23.245,2.13,0.31,0.42
23.259,2.42,0.11,-0.04
23.277,2.51,0,-0.52
23.295,1.93,-0.07,-0.93
23.309,1.81,-0.14,-1.07
23.328,1.66,-0.16,-1
23.345,1.35,-0.14,-1.19
23.361,1.6,-0.12,-1.15
23.377,1.63,-0.02,-0.47
23.396,2.23,0.26,-0.12
23.411,2.45,0.47,0.32
23.427,2.65,0.7,0.63
23.448,1.92,0.27,-0.35
23.468,1.35,-0.06,-0.94
23.485,1.32,-0.03,-0.84
23.505,1.54,-0.05,-0.79
23.521,1.38,-0.11,-1.01
23.539,0.5,-0.18,-1.85
23.556,-0.34,0.21,-1.7
23.572,-0.57,0.48,-0.93
23.588,0.22,0.87,0.13
23.606,1.63,0.53,-0.17
23.622,2.44,0.22,-0.75
23.639,3.02,-0.25,-1.59
23.657,2.67,-0.17,-1.5
23.675,2.07,0.07,-0.82
23.696,1.4,0.26,-0.5
23.712,1.03,0.26,-0.56
23.73,0.88,0.17,-0.68
23.746,1.21,-0.08,-0.83
23.765,1.55,-0.28,-1.31
23.778,1.46,-0.31,-1.64
23.797,0.88,-0.13,-1.95
23.811,0.43,0.03,-1.72
23.83,-0.84,0.52,-0.84
23.846,-1.53,0.69,-0.15
23.866,-1.88,0.77,0.21
23.885,-1.71,0.57,-0.28
23.901,-1.51,0.37,-0.44
23.919,-1.18,0.01,-0.74
23.936,-0.63,-0.13,-0.85
23.95,-0.44,-0.18,-0.79
23.975,0.39,-0.51,-0.76
23.988,0.84,-0.46,-0.7
24.006,1.41,0.01,-0.04
24.022,1.51,0.33,0.37
24.037,1.22,0.76,0.92
24.057,0.16,0.75,0.57
24.076,-1.28,0.67,-0.14
24.09,-1.79,0.62,-0.16
24.109,-2.78,0.98,0.3
24.123,-3.23,0.86,0.27
24.145,-3.74,0.73,0.19
24.155,-4.04,0.5,0
24.179,-3.6,-0.33,-1.07
24.195,-2.6,-0.85,-1.98
24.205,-2.25,-0.85,-2.22
24.228,-1.86,-0.54,-2.02
24.245,-2.01,0.2,-0.79
24.255,-2.07,0.52,-0.07
24.278,-2.57,0.23,0.66
24.296,-2.8,-0.97,0.46
24.315,-0.99,-1.51,-1.46
24.325,0.21,-1.39,-2.01
24.349,2.27,-0.57,-1.43
24.366,2.95,0.09,-0.46
24.384,2.11,0.83,0.16
24.4,1.16,0.98,0.16
24.418,-1.25,1.27,-0.63
24.435,-2.97,1.38,-0.76
24.457,-3.53,1.41,-0.19
24.464,-3.52,1.45,-0.04
24.495,-2.96,1.23,-0.54
24.511,-2.86,1.12,-0.69
24.528,-2.32,0.39,-1.64
24.546,-1.98,-0.51,-2.89
24.562,-1.85,-0.9,-3.35
24.579,-1.74,-1.16,-3.15
24.598,-1.83,-1.03,-2.22
24.614,-1.68,-0.79,-1.36
24.63,-1.45,-0.75,-1.1
24.648,-0.96,-0.73,-1.22
24.667,-0.91,-0.52,-1.27
24.674,-1.06,-0.38,-1.28
24.701,-1.66,-0.19,-1.08
24.718,-2.46,0.16,-0.62
24.737,-2.81,0.28,-0.3
24.755,-2.8,0.27,-0.41
24.774,-2.73,0.09,-0.86
24.795,-2.4,-0.08,-0.96
24.81,-2.37,-0.04,-0.83
24.828,-2.23,-0.13,-0.64
24.846,-2.12,-0.35,-0.53
24.865,-1.85,-0.73,-0.48
24.88,-1.71,-0.89,-0.76
24.898,-1.32,-1.04,-1.51
24.915,-1.02,-1.2,-1.84
24.932,-1.23,-1.35,-2.29
24.948,-1.75,-0.84,-2.03
24.966,-2.34,-0.05,-0.79
24.982,-2.8,0.39,-0.1
25.004,-3.55,0.79,1.13
25.024,-3.48,-0.11,-0.06
25.045,-1.98,-0.52,-1.91
25.064,-0.28,-0.47,-2.68
25.079,0.24,-0.43,-2.37
25.098,0.11,-0.29,-1.36
25.116,-1.32,-0.23,-1.58
25.135,-2.4,-0.16,-1.87
25.154,-2.97,-0.04,-1.94
25.175,-2.57,0.04,-1.71
25.188,-2.36,0.04,-1.65
25.206,-2,-0.11,-1.64
25.221,-1.93,-0.08,-1.57
25.239,-2.3,0.08,-1.23
25.258,-2.72,-0.05,-0.99
25.277,-2.95,-0.26,-0.92
25.296,-2.99,-0.58,-0.96
25.315,-2.69,-0.83,-0.94
25.331,-2.13,-0.92,-0.93
25.348,-1.16,-0.97,-0.63
25.367,0.1,-1.57,-1.29
25.381,0.28,-1.78,-1.67
25.4,-0.27,-1.41,-1.63
25.416,-1.2,-0.58,-0.72
25.435,-2.21,0.18,0.34
25.45,-2.65,0.33,0.64
25.469,-3.49,0.28,0.4
25.486,-3.66,0,-0.32
25.506,-3.38,-0.07,-0.85
25.524,-2.41,-0.34,-0.95
25.539,-1.91,-0.48,-1.03
25.558,-1.09,-0.46,-1.18
25.576,-0.42,-0.64,-1.28
25.594,-0.69,-0.63,-1.05
25.609,-1.14,-0.56,-0.86
25.627,-2.47,-0.23,-0.48
25.642,-2.98,-0.12,-0.33
25.662,-3.56,-0.1,0.02
25.677,-3.3,-0.15,0.11
25.695,-2.92,-0.24,-0.05
25.704,-2.48,-0.39,-0.43
25.727,-1.58,-0.6,-0.84
25.744,-1.09,-0.59,-0.75
25.764,-0.8,-0.74,-0.64
25.774,-0.69,-0.75,-0.58
25.795,-0.62,-0.69,-0.47
25.815,-1.05,-0.5,-0.14
25.824,-1.35,-0.43,-0.06
25.847,-1.89,-0.47,0.01
25.864,-2.26,-0.65,-0.22
25.874,-2.33,-0.64,-0.24
25.897,-2.14,-0.62,-0.18
25.914,-1.84,-0.9,-0.62
25.93,-1.37,-1.04,-0.96
25.948,-0.65,-0.86,-1.37
25.969,-0.39,-0.07,-0.41
25.988,-0.4,0.55,0.92
26.006,-0.58,0.73,1.08
26.026,-0.48,0.52,0.63
26.045,-0.8,0.39,0.33
26.062,-0.91,0.44,0.53
26.08,-1.53,0.59,0.71
26.098,-1.8,0.43,0.57
26.116,-1.67,0.2,0
26.124,-1.45,0.14,-0.18
26.149,-0.92,0.12,-0.33
26.166,-0.12,-0.09,-0.36
26.186,0.7,-0.37,-0.3
26.204,1.28,-0.54,-0.11
26.221,1.23,-0.6,-0.01
26.24,0.59,-0.78,0.38
26.257,0.12,-1.14,0.26
26.275,0.44,-1.2,0.18
26.29,0.56,-1.31,-0.21
26.309,1.36,-1.12,-0.53
26.325,1.32,0,0.87
26.344,0.38,0.57,1.23
26.36,-0.24,0.68,1.54
26.379,-0.9,0.43,1.07
26.398,-0.86,0.13,0.31
26.416,-0.04,0.2,0.24
26.431,0.78,0.25,0.16
26.449,2.64,0.54,0.11
26.466,2.43,0.56,0
26.484,1.96,0.12,-1.12
26.501,1.6,0.05,-1.3
26.52,1.03,0.58,-0.73
26.536,1.28,1.27,0.88
26.555,1.9,1.75,2.34
26.571,2.42,1.7,2.41
26.59,3.31,1.23,0.98
26.607,3.32,0.28,-1.27
26.63,2.36,-0.47,-3.17
26.646,0.93,-0.15,-3.39
26.665,-0.24,0.47,-2.06
26.68,-0.37,0.57,-0.95
26.698,-0.22,0.74,0.89
26.717,0.31,0.71,1.07
26.741,1.53,0.32,0.2
26.759,2.92,-0.27,-0.3
26.775,3.28,-0.79,-1.12
26.794,2.59,-0.75,-1.17
26.809,2.15,-0.59,-0.78
26.828,1.64,0.01,0.35
26.844,1.58,0.3,0.98
26.861,1.56,0.24,0.88
26.876,1.88,0.02,0.42
26.894,2.09,-0.27,0.11
26.908,2.06,-0.23,0.13
26.927,1.83,-0.18,0.02
26.944,1.43,-0.28,-0.18
26.957,1.15,-0.4,-0.4
26.976,1.24,-0.71,-0.89
26.995,1.68,-1.06,-1.36
27.014,2.39,-1.23,-1.58
27.037,3.18,-0.92,-1.1
27.054,3.67,-0.24,-0.51
27.074,3.68,0.03,-0.23
27.088,3.63,0.19,0.02
27.106,3.23,0.3,0.26
27.121,2.81,0.35,0.14
27.14,2.4,0.37,-0.23
27.156,2.41,0.51,-0.17
27.176,2.66,0.58,-0.34
27.19,2.87,0.54,-0.46
27.208,3.21,0.54,-0.45
27.229,2.82,0.43,-1.02
27.246,2.26,0.57,-1
27.265,1.87,0.62,-0.7
27.28,1.84,0.63,-0.64
27.299,1.8,0.63,-0.7
27.319,2.01,0.64,-1.04
27.334,1.99,0.77,-1.31
27.354,1.7,0.98,-1.09
27.364,1.69,1.07,-0.89
27.387,1.9,1.02,-0.64
27.405,2.43,0.87,-0.68
27.424,2.8,0.67,-0.85
27.434,2.75,0.49,-0.88
27.458,2.88,0.2,-1.21
27.475,2.65,0.2,-1.16
27.484,2.41,0.41,-0.7
27.507,1.83,0.68,0.24
27.514,1.62,0.69,0.59
27.541,1.42,0.47,0.74
27.556,1.73,0.48,0.32
27.574,2.16,0.34,-0.11
27.589,2.25,0.26,-0.35
27.607,2.5,0.22,-0.56
27.624,2.08,0.3,-0.58
27.64,1.99,0.24,-0.54
27.658,2.07,0.17,-0.26
27.677,2.05,0.35,-0.15
27.694,1.77,0.42,-0.13
27.711,1.7,0.27,-0.27
27.728,1.64,-0.02,-0.5
27.744,1.43,-0.18,-0.77
27.76,1.37,-0.16,-0.73
27.778,1.84,-0.23,-0.92
27.795,2.81,-0.38,-0.92
27.814,3.32,-0.19,-0.76
27.834,3.31,0.02,-0.55
27.849,3.27,0.01,-0.53
27.866,3.06,-0.17,-0.95
27.874,2.96,-0.34,-1.09
27.898,2.91,-0.51,-0.88
27.915,2.72,-0.49,-0.75
27.934,2.61,-0.49,-0.73
27.95,2.69,-0.58,-0.79
27.967,3.02,-0.54,-0.68
27.984,3.31,-0.31,-0.82
27.998,3.34,-0.04,-0.64
28.017,2.62,0.33,-0.39
28.034,1.52,0.03,-0.83
28.054,0.41,-0.25,-1.17
28.07,0.15,-0.26,-1.08
28.088,-0.82,-0.25,-0.86
28.105,-1.12,-0.49,-0.54
28.12,-1.55,-0.65,-0.61
28.138,-1.98,-0.48,-0.59
28.156,-2.42,-0.35,-0.28
28.174,-3.13,-0.28,-0.34
28.189,-3.17,-0.42,-0.7
28.204,-3.27,-0.42,-1.53
28.22,-3.2,-0.1,-1.7
28.249,-3.72,0.26,-1.42
28.267,-3.46,0.39,-1.02
28.284,-2.65,0.53,-1.02
28.301,-2.23,0.59,-1.11
28.318,-1.16,0.86,-1.12
28.336,-0.15,0.8,-1.36
28.358,0.32,0.66,-1.32
28.372,0.2,0.58,-1.42
28.391,-0.69,0.71,-1.76
28.408,-1.17,1.45,-1.18
28.424,-1.36,2.04,-0.21
28.445,-1.69,2.36,0.82
28.465,-1.97,2.2,0.75
28.484,-2.25,1.7,-0.11
28.504,-2.67,1.23,-0.75
28.524,-2.2,0.8,-0.92
28.54,-1.81,0.68,-0.76
28.559,-1.14,0.87,0.14
28.575,-0.7,1.29,0.85
28.594,-1.09,0.86,1.07
28.608,-1.47,0.36,0.39
28.626,-1.55,-0.86,-1.76
28.644,-1.75,-1.67,-2.62
28.663,-2.63,-1,-1.99
28.688,-3.9,-0.47,-1.11
28.705,-3.8,-0.49,-0.42
28.724,-3.59,-0.79,-0.58
28.74,-3.3,-1,-0.81
28.757,-2.58,-1.49,-0.6
28.774,-1.71,-1.73,-0.01
28.79,-1.51,-1.67,0.26
28.807,-1.16,-1.43,0.61
28.825,-0.89,-0.94,0.79
28.84,-0.74,-0.7,0.77
28.86,-0.26,-0.43,0.75
28.876,0.03,-0.74,0.56
28.894,-0.16,-1.65,0.22
28.903,-0.49,-2.05,-0.27
28.926,-1.09,-2.38,-1.06
28.945,-1.43,-2.05,-1.07
28.953,-1.39,-1.84,-0.98
28.978,-1.49,-1.11,-0.65
28.995,-1.55,-0.39,-0.35
29.003,-1.66,-0.32,-0.25
29.029,-2.42,-0.47,-0.79
29.045,-2.59,-0.69,-1.14
29.064,-2.71,-0.95,-0.96
29.073,-2.99,-0.96,-0.53
29.097,-3.88,-0.95,0.33
29.115,-4.56,-1.3,0.07
29.133,-4.51,-1.71,-0.44
29.149,-4.38,-1.85,-0.68
29.166,-4.13,-2.07,-1.09
29.184,-4.15,-2.19,-1.25
29.198,-4.18,-2.13,-1.05
29.216,-4.47,-1.81,-0.48
29.223,-4.55,-1.65,-0.01
29.248,-4.49,-1.53,0.33
29.267,-4.04,-1.87,-0.31
29.286,-3.59,-2.06,-0.45
29.303,-3.21,-2.21,-0.82
29.32,-2.95,-2.15,-0.87
29.337,-2.43,-1.61,-0.27
29.355,-2.17,-1.11,0.35
29.373,-1.95,-0.89,0.61
29.388,-1.56,-0.95,0.4
29.405,-0.74,-1.29,-0.68
29.423,-0.57,-1.35,-1.22
29.439,-0.94,-1.26,-1.24
29.454,-1.97,-0.88,-0.61
29.473,-2.43,-0.59,0.02
29.489,-2.29,-0.56,0.13
29.507,-1.88,-0.47,0.1
29.524,-1.78,-0.28,0.22
29.54,-1.92,-0.12,0.36
29.556,-2.3,0.09,0.4
29.575,-2.38,-0.02,0.37
29.59,-2.42,-0.15,0.23
29.615,-2.47,-0.4,0.12
29.633,-2.64,-0.46,0.04
29.648,-2.62,-0.52,0.12
29.666,-2.66,-0.6,0.36
29.683,-2.58,-0.75,0.23
29.7,-2.5,-0.85,0.1
29.716,-2.44,-0.92,0.12
29.733,-2.38,-0.93,0.23
29.748,-2.37,-0.93,0.11
29.765,-2.18,-1.09,-0.19
29.78,-2.11,-1.21,-0.42
29.797,-1.96,-1.43,-0.77
29.816,-2.11,-1.35,-0.74
29.834,-2.11,-1.18,-0.46
29.849,-2.06,-1.05,-0.28
29.866,-1.97,-0.88,0.13
29.88,-1.93,-0.76,0.27
29.899,-1.75,-0.59,0.45
29.916,-1.26,-0.46,0.98
29.936,-0.73,-0.25,1.1
29.95,-0.61,-0.2,1.14
29.97,-0.55,-0.1,1.02
29.989,-0.99,0.26,1.08
30.006,-1.21,0.55,1.18
30.025,-1.03,0.34,1.22
30.046,-0.84,-0.06,0.48
30.063,-0.8,-0.41,-0.2
30.077,-0.87,-0.34,-0.42
30.095,-0.55,-0.19,0.04
30.113,0.62,-0.17,0.48
30.13,0.91,-0.31,0.35
30.148,1.16,-0.43,-0.03
30.165,0.85,-0.34,-0.3
30.183,0.26,0,-0.53
30.198,0.23,0.14,-0.49
30.215,0.63,0.35,-0.12
30.229,0.83,0.39,-0.15
30.247,0.91,0.44,-0.29
30.265,0.77,0.51,-0.33
30.283,0.6,0.43,-0.57
30.298,0.78,0.45,-0.3
30.317,1.09,0.31,-0.14
30.333,1.59,0.38,-0.24
30.35,1.58,0.3,-0.34
30.366,1.52,0.36,-0.19
30.384,0.87,0.56,0.22
30.397,0.69,0.63,0.35
30.415,0.55,0.81,0.57
30.434,0.76,0.74,0.42
30.451,0.91,0.6,0.13
30.468,1.06,0.4,-0.3
30.483,1.14,0.13,-0.71
30.493,1.01,0.19,-0.77
30.519,0.84,0.45,-0.4
30.538,1.01,0.73,0.16
30.556,1.46,0.96,0.56
30.573,1.97,0.65,0.23
30.583,2.06,0.4,-0.23
30.606,2.04,-0.06,-1.08
30.613,1.88,-0.18,-1.43
30.639,1.91,0.21,-1.29
30.656,1.79,0.69,-0.55
30.674,1.87,1.08,0.01
30.683,1.97,1.03,-0.17
30.707,1.66,0.7,-0.75
30.726,1.18,0.31,-1.31
30.747,1.09,0.01,-1.47
30.765,1.29,-0.15,-1.58
30.773,1.26,-0.07,-1.39
30.798,0.98,0.29,-0.73
30.815,0.25,0.5,-0.6
30.823,0.1,0.41,-0.5
30.848,0.63,-0.04,-0.73
30.866,1.17,-0.18,-0.81
30.884,1.57,0.03,-0.84
30.893,1.63,0.2,-0.82
30.917,1.28,0.3,-0.76
30.933,1.09,0.19,-0.85
30.951,1.03,0.14,-0.84
30.966,1.03,0.06,-0.88
30.983,1.52,0.02,-1.08
30.997,1.75,0.13,-0.85
31.015,2.25,0.2,-0.75
31.033,2.64,0.41,-0.82
31.053,2.27,0.46,-0.91
31.068,1.82,0.33,-1.05
31.089,1.09,0.02,-1.32
31.106,0.82,0,-1.13
31.123,1.07,0.09,-0.88
31.14,1.53,0.04,-0.96
31.156,2.3,0.12,-1.22
31.175,2.2,0.32,-1.29
31.191,1.85,0.42,-1.12
31.208,1.41,0.33,-0.9
31.224,1.08,0.96,-1.69
31.24,1.61,-0.22,-0.87
31.257,2.06,0.26,-0.85
31.275,1.81,0.56,-0.75
31.29,1.87,0.68,-0.51
31.308,1.94,0.46,-0.81
31.324,2.37,0.12,-1.12
31.344,2.49,-0.01,-1.37
31.36,2.43,-0.04,-1.44
31.378,1.94,0.1,-1.23
31.394,1.63,0.14,-0.84
31.413,1.59,-0.09,-0.77
31.428,1.49,-0.16,-0.92
31.445,1.42,-0.06,-1.17
31.463,1.41,-0.03,-1.12
31.478,1.54,-0.01,-0.81
31.496,1.86,-0.03,-0.53
31.513,2.32,0.1,-0.36
31.53,2.53,0.11,-0.36
31.547,2.9,0.09,-0.41
31.575,2.58,0.1,-0.63
31.588,2.28,0.16,-0.7
31.605,1.42,0.17,-0.74
31.62,1.15,0.1,-0.54
31.637,0.63,0.05,-0.4
31.653,0.34,-0.06,-0.49
31.678,0.55,-0.2,-0.79
31.703,0.66,-0.14,-1.25
31.718,0.57,0,-1.14
31.739,0.11,0.3,-0.61
31.757,-0.45,0.28,-0.42
31.776,-0.46,-0.02,-0.51
31.79,-0.29,-0.28,-0.71
31.807,0.39,-0.71,-1.02
31.823,1.52,-0.95,-1.4
31.838,2.19,-0.98,-1.54
31.856,2.43,-1.06,-1.48
31.874,1.43,-1.02,-1.12
31.889,0.91,-0.89,-0.9
31.906,0.19,-0.74,-0.49
31.923,0.08,-0.59,-0.14
31.938,0.2,-0.51,-0.22
31.955,0.94,-0.33,-0.34
31.974,1.16,0.02,-0.07
31.989,1.04,0.17,-0.14
32.006,1.02,0.41,-0.31
32.024,0.34,0.67,-0.4
32.039,0.07,0.8,-0.31
32.054,-0.28,0.98,-0.15
32.073,-0.61,1.27,-0.28
32.089,-0.57,1.62,-0.64
32.105,-0.72,1.67,-0.93
32.123,-1.03,1.81,-1.2
32.133,-1.54,1.85,-1.09
32.153,-2.28,1.79,-0.94
32.174,-2.39,1.54,-1.39
32.193,-1.53,1.02,-1.84
32.203,-1.12,0.91,-1.84
32.226,-0.1,0.85,-1.84
32.233,0.24,0.89,-1.78
32.256,0.7,0.77,-1.78
32.273,0.86,0.55,-2
32.293,0.57,0.49,-2.4
32.303,0.16,0.65,-2.3
32.327,-0.89,1.24,-1.33
32.345,-1.98,1.67,-0.03
32.363,-2.55,1.63,0.77
32.383,-2.44,1.1,0.25
32.403,-1.59,0.37,-0.9
32.423,-1.27,0.07,-1.93
32.433,-1.21,-0.07,-2.15
32.456,-1.52,-0.07,-1.97
32.473,-2.01,-0.23,-1.9
32.489,-2.39,-0.23,-1.71
32.506,-2.91,0.1,-1.22
32.526,-3.15,0.4,-0.53
32.542,-3.2,0.48,0.11
32.559,-3.26,0.34,0.11
32.576,-3.07,0.25,0.18
32.594,-2.92,0.14,0.21
32.61,-2.89,-0.04,0.3
32.629,-2.95,-0.23,0.02
32.644,-3.04,-0.56,-1.06
32.664,-2.71,-0.72,-1.66
32.679,-2.41,-0.8,-1.73
32.698,-2.18,-0.93,-1.94
32.715,-2.45,-0.55,-1.62
32.729,-2.86,-0.25,-1.36
32.748,-3.23,0.38,-0.57
32.764,-3.44,0.79,0.12
32.783,-3.26,0.64,-0.11
32.798,-3.06,0.46,-0.17
32.817,-2.48,-0.02,-0.4
32.835,-1.8,-0.33,-0.39
32.854,-1.3,-0.32,0.11
32.869,-1.09,-0.32,0.33
32.888,-1.03,-0.22,0.53
32.903,-1.39,-0.3,0.64
32.922,-1.97,-0.71,-0.29
32.936,-2.05,-0.92,-0.58
32.955,-1.95,-1.15,-1.08
32.973,-2.08,-1,-0.82
32.989,-2.42,-0.79,-0.51
33.012,-3.27,-0.38,0.14
33.028,-3.51,-0.37,0.31
33.048,-3.22,-0.55,0.37
33.063,-2.93,-0.94,-0.08
33.079,-2.95,-1,-0.06
33.096,-3.51,-1.13,0.08
33.114,-3.73,-1.17,0.21
33.129,-3.84,-1.4,-0.07
33.147,-3.88,-1.98,-1.24
33.163,-3.63,-2.1,-1.97
33.179,-3.64,-1.96,-1.81
33.196,-3.86,-1.31,-0.93
33.215,-4.09,-0.54,0.65
33.232,-4.45,-0.58,1.43
33.249,-4.57,-0.81,1.44
33.266,-4.29,-1.6,0.69
33.283,-3.13,-1.9,0.02
33.299,-2.57,-1.88,0.21
33.317,-1.33,-1.64,0.9
33.334,-0.47,-1.65,1.05
33.35,-0.42,-1.66,0.94
33.367,-0.75,-1.68,0.24
33.385,-1.01,-1.65,-0.44
33.399,-1.14,-1.51,-0.5
33.417,-1.24,-1.11,0.06
33.434,-1.17,-0.85,0.66
33.453,-1.29,-0.67,0.7
33.469,-1.54,-0.57,0.6
33.492,-2.08,-0.39,0.5
33.506,-2.02,-0.39,0.49
33.523,-1.86,-0.3,0.56
33.537,-1.85,-0.24,0.69
33.555,-1.67,-0.38,0.7
33.574,-1.96,-0.43,0.43
33.589,-2.24,-0.39,0.5
33.606,-2.81,-0.4,0.68
33.623,-3.4,-0.42,0.72
33.642,-3.43,-0.52,0.55
33.652,-3.48,-0.58,0.43
33.674,-3.18,-0.67,-0.18
33.696,-2.63,-0.69,-0.82
33.714,-1.94,-0.8,-0.73
33.722,-1.7,-0.83,-0.51
33.746,-1.41,-0.75,0.01
33.762,-1.4,-0.47,0.36
33.772,-1.33,-0.33,0.59
33.797,-1.02,-0.1,1
33.814,-0.52,0.14,1.02
33.822,-0.4,0.28,1.1
33.847,-0.07,0.47,1.2
33.866,0.27,0.51,1.38
33.885,0.86,0.45,1.23
33.892,1.13,0.38,1.19
33.917,1.48,0.23,0.88
33.933,1.69,0.17,0.64
33.949,1.72,0.16,0.64
33.966,1.78,0.14,0.29
33.972,1.83,0.23,0.23
33.995,1.81,0.55,0.38
34.013,1.68,0.92,0.43
34.023,1.55,1.14,0.6
34.045,1.43,1.18,0.52
34.063,1.6,0.88,-0.09
34.082,1.91,0.67,-0.71
34.096,2.01,0.61,-0.94
34.115,1.98,0.36,-1.73
34.132,1.47,0.37,-2.05
34.147,1.06,0.35,-1.99
34.166,0.34,0.44,-1.48
34.182,-0.01,0.58,-0.86
34.199,-0.14,0.65,-0.53
34.216,0.02,0.6,-0.95
34.233,0.79,0.42,-1.43
34.252,1.65,0.3,-2.06
34.273,2.02,0.69,-1.49
34.289,1.85,0.92,-1.03
34.304,1.4,1.12,-0.38
34.322,1.39,0.86,-0.57
34.339,1.73,0.68,-1.03
34.354,1.91,0.3,-2.01
34.374,2.18,0.32,-2.26
34.389,1.95,0.68,-1.89
34.404,1.01,1.46,-0.61
34.423,-0.05,1.22,-0.33
34.44,-0.41,0.58,-1.04
34.455,-0.49,-0.32,-2.18
34.475,0.28,-0.29,-2.42
34.492,1.38,0.14,-1.73
34.507,1.84,0.43,-1.3
34.523,2,0.95,-0.73
34.542,1.59,1.23,-0.4
34.564,1.58,1,-0.68
34.579,1.64,0.77,-1.04
34.598,1.67,0.18,-1.84
34.613,1.49,-0.38,-2.39
34.632,1.12,-0.5,-2.44
34.647,0.8,-0.21,-2.12
34.665,0.18,0.51,-1.09
34.683,-0.02,0.61,-0.69
34.702,1.12,-0.11,-0.87
34.719,1.66,-0.46,-1.43
34.739,2.88,-0.7,-2.29
34.757,2.85,-0.18,-1.88
34.776,2.07,0.3,-0.79
34.792,1.34,0.4,-0.5
34.808,1.18,0.29,-0.5
34.826,1.11,-0.11,-1.09
34.843,1.29,-0.18,-1.53
34.858,1.25,-0.02,-1.47
34.878,0.84,0.25,-1.23
34.894,0.11,0.37,-0.8
34.915,-0.51,0.24,-1.03
34.933,-0.36,-0.01,-1.61
34.949,-0.21,-0.01,-1.76
34.967,-0.33,0.34,-1.54
34.984,-0.64,0.83,-0.85
35.003,-0.78,1.07,-0.26
35.022,-0.5,0.77,-0.17
35.046,-0.11,0.39,-0.53
35.065,0.91,0.41,-0.4
35.083,2.26,0.59,-0.14
35.102,3.04,0.18,-0.62
35.117,2.89,-0.01,-1.04
35.135,1.96,-0.4,-1.86
35.15,1.41,-0.58,-1.95
35.168,0.93,-0.33,-1.01
35.185,0.87,-0.17,-0.08
35.203,1.52,-0.08,-0.12
35.212,1.48,-0.08,-0.11
35.242,2.77,0.06,-0.68
35.252,3.02,0,-0.77
35.262,3.18,-0.04,-0.82
35.286,2.66,0.2,-0.85
35.306,1.68,0.42,-0.66
35.325,0.73,0.59,-0.46
35.342,0.53,0.58,-0.42
35.352,0.63,0.51,-0.55
35.374,1.22,0.2,-1.09
35.392,1.65,0.13,-1.6
35.402,1.8,0.07,-1.84
35.424,1.56,0.2,-1.63
35.432,1.42,0.33,-1.33
35.457,1.14,0.27,-0.92
35.473,1.25,-0.08,-0.85
35.492,2.09,-0.45,-1.14
35.507,2.54,-0.55,-1.23
35.527,3.62,-0.94,-1.89
35.546,3.97,-1.11,-2.28
35.563,3,-0.88,-1.81
35.582,1.47,-0.89,-1.44
35.597,0.79,-1.02,-1.35
35.615,0.21,-1.34,-1.28
35.632,0.41,-1.43,-1.09
35.649,0.78,-1.51,-1.2
35.665,1.31,-1.43,-1.43
35.682,1.19,-0.88,-1.41
35.698,1.03,-0.6,-1.2
35.716,0.51,-0.12,-0.77
35.734,-0.18,0.3,-0.73
35.752,-0.45,0.73,-0.78
35.772,-0.71,1.21,-0.8
35.787,-0.7,1.41,-0.82
35.806,-0.67,1.84,-0.72
35.822,-0.94,2.12,-0.3
35.838,-1.21,2.09,-0.43
35.856,-1.39,1.77,-0.99
35.873,-1.34,1.48,-1.43
35.889,-1.18,1.38,-1.55
35.906,-0.89,1.39,-1.13
35.925,-0.53,1.63,-0.9
35.942,-0.38,1.64,-1.03
35.959,-0.45,1.6,-1.03
35.975,-0.91,1.41,-1.03
35.992,-1.48,1.04,-1.59
36.006,-1.52,1.06,-1.7
36.024,-1.11,1.08,-1.48
36.039,-0.9,1.17,-1.41
36.057,-0.32,0.98,-1.55
36.073,-0.24,0.94,-1.29
36.089,-0.44,0.92,-1.01
36.117,-0.84,0.51,-1.25
36.134,-1.45,0.14,-2.02
36.153,-2.19,-0.18,-2.41
36.172,-3.04,-0.44,-2.07
36.189,-3.43,-0.39,-1.7
36.206,-4.24,-0.23,-1.19
36.224,-4.34,-0.28,-1.28
36.246,-4,-0.5,-1.25
36.264,-3.6,-0.86,-1.79
36.282,-3.29,-1.09,-1.82
36.299,-3.32,-0.97,-1.57
36.315,-3.28,-0.54,-0.93
36.332,-2.97,-0.14,-0.37
36.348,-2.82,0.05,-0.16
36.367,-2.79,0.39,0.06
36.383,-2.78,0.27,-0.36
36.402,-2.83,0.13,-0.37
36.418,-2.94,0.03,-0.4
36.436,-3,-0.03,-0.65
36.452,-2.9,-0.13,-1.23
36.472,-2.89,-0.28,-2.06
36.488,-3.11,-0.34,-2.44
36.506,-3.65,-0.57,-2.58
36.524,-3.89,-0.88,-2.37
36.542,-4.32,-1.22,-2.15
36.562,-4.98,-1.12,-1.48
36.577,-5.11,-1.09,-1.03
36.595,-5.18,-0.84,-0.39
36.611,-4.54,-0.94,-0.09
36.627,-4.17,-1.16,-0.13
36.644,-3.31,-1.58,-0.61
36.663,-2.75,-1.6,-1.57
36.678,-2.54,-1.38,-1.76
36.697,-1.73,-0.81,-0.85
36.713,-1.17,-0.51,0.19
36.732,-0.92,-0.55,0.16
36.749,-0.96,-0.52,-0.35
36.768,-1.82,-0.36,-1.25
36.787,-2.88,-0.02,-1.42
36.802,-3.32,0.41,-0.28
36.823,-2.96,0.38,0.49
36.832,-2.93,0.38,0.5
36.856,-2.48,0,-0.13
36.873,-2.35,-0.13,-0.6
36.882,-2.44,0.06,-0.4
36.912,-2.52,-0.06,0.2
36.921,-2.47,-0.19,0.23
36.946,-2.47,-0.28,-0.16
36.963,-2.86,-0.31,-0.65
36.983,-3.46,-0.14,-0.61
36.992,-3.48,-0.08,-0.34
37.016,-3.49,0.17,0.84
37.032,-3.44,0.13,1.17
37.051,-3.41,-0.17,0.87
37.071,-3.45,-0.43,0.36
37.087,-3.36,-0.57,0.22
37.103,-3.03,-0.85,0.4
37.123,-2.68,-0.88,0.76
37.131,-2.54,-0.82,1.05
37.155,-2.47,-0.82,1.3
37.173,-2.41,-0.94,0.97
37.192,-2.31,-1.02,0.87
37.207,-2.3,-0.98,1.13
37.224,-2.3,-0.99,1.58
37.241,-2.27,-1.36,1.19
37.256,-2.23,-1.52,0.89
37.275,-2.6,-1.65,0.55
37.281,-2.88,-1.59,0.39
37.307,-3.1,-1.45,0.57
37.323,-3,-1.31,1.1
37.341,-2.91,-1.1,1.46
37.356,-2.79,-0.99,1.61
37.373,-2.65,-0.87,1.69
37.381,-2.52,-0.72,1.84
37.408,-2.21,-0.61,2.14
37.424,-1.91,-0.68,2.24
37.444,-1.71,-0.92,1.88
37.463,-1.28,-1.08,1.33
37.478,-1.1,-0.99,1.13
37.496,-1,-0.95,1.33
37.514,-1.06,-1,1.03
37.534,-1.38,-0.8,1.13
37.549,-1.42,-0.9,1.05
37.566,-1.96,-0.89,0.58
37.582,-2.44,-0.64,-0.13
37.598,-2.52,-0.79,-0.23
37.615,-2.37,-0.85,-1.12
37.635,-2.48,-0.75,-1.13
37.653,-3.01,-0.69,-0.68
37.672,-3.23,-0.55,-0.45
37.687,-2.81,-0.62,-0.26
37.702,-2.44,0.02,-0.05
37.723,-2.15,0.12,-0.26
37.739,-2.15,0.1,-0.16
37.754,-2.38,0.31,0.03
37.771,-2.19,0.6,0.36
37.786,-2.17,0.8,0.49
37.803,-1.93,0.86,0.94
37.822,-2.04,0.71,0.83
37.841,-2.45,1.31,0.38
37.855,-2.25,1.17,0
37.875,-1.86,1.2,0.45
37.891,-0.95,1.57,0.53
37.906,-1.65,1.46,2.06
37.923,-0.85,1.27,2.12
37.962,-1.34,2.15,1.59
37.982,-0.43,1.44,0.78
38.031,0.62,0.59,-1.11
38.041,0.46,0.69,-1.25
38.061,0.15,0.81,-1.25
38.071,-0.04,1.01,-0.93
38.082,-0.21,1.08,-0.35
38.101,-0.07,0.97,0.37
38.121,0.24,0.68,-0.52
38.131,0.51,0.26,-1.38
38.141,0.36,0.03,-2.34
38.151,0.15,0.19,-2.62
38.162,-0.11,0.41,-2.33
38.181,-0.54,0.56,-1.61
38.201,-0.26,0.64,-0.4
38.215,0.09,0.5,0.38
38.221,0.72,0.41,0.74
38.231,1.39,0.07,0.82
38.252,2.71,-0.43,-0.33
38.262,2.6,-0.36,-0.62
38.272,2.43,-0.34,-0.91
38.282,2.26,-0.19,-1.09
38.302,1.09,0.21,-1.33
38.313,0.81,0.54,-0.92
38.332,0.7,0.74,0.4
38.362,1.93,0.38,1.16
38.372,2.47,0.01,0.74
38.382,2.88,-0.35,0.18
38.393,2.86,-0.62,-0.37
38.402,2.53,-0.54,-0.85
38.412,2.25,-0.31,-1.11
38.422,1.9,-0.14,-1.2
38.432,1.4,0.04,-1.13
38.441,1.38,0.05,-1.14
38.451,0.88,0.38,-0.74
38.461,0.73,0.67,-0.29
38.481,0.9,0.97,0.55
38.491,1.33,0.88,0.38
38.501,1.65,0.53,-0.19
38.511,1.68,0.37,-0.84
38.521,1.62,0.28,-1.27
38.531,1.54,0.21,-1.95
38.541,1.41,0.21,-2.46
38.551,1.42,0.32,-2.77
38.561,1.6,0.39,-2.72
38.581,2.22,0.42,-1.93
38.591,2.5,0.32,-1.45
38.601,2.45,0.34,-0.97
38.611,2.23,0.43,-0.72
38.621,2.01,0.1,-0.63
38.631,1.28,-1,-0.39
38.641,1.04,-0.96,-0.69
38.651,0.6,-0.15,-2.12
38.661,0.48,-0.29,-1.9
38.681,0.16,-0.18,-1.95